"SERVICE_DATE","VEHICLE_NUMBER","ROUTE_NUMBER","DIRECTION","TRIP_NUMBER","TRAIN","LOCATION_ID","PUBLIC_LOCATION_DESCRIPTION","ARRIVE_TIME","LEAVE_TIME","ONS"
2023-06-15 00:00:00.000,"04510",2,0,1700,260,1375,SE Division & 12th Ave,71056,71056,0
2023-06-15 00:00:00.000,"04525",2,0,1720,264,1375,SE Division & 12th Ave,72953,72972,0
2023-06-15 00:00:00.000,"04520",2,0,1730,234,1375,SE Division & 12th Ave,73221,73240,1
2023-06-15 00:00:00.000,"04529",2,0,1740,266,1375,SE Division & 12th Ave,74068,74068,0
2023-06-15 00:00:00.000,"04507",2,0,1750,238,1375,SE Division & 12th Ave,74734,74749,0
2023-06-15 00:00:00.000,"04531",2,0,1760,240,1375,SE Division & 12th Ave,76366,76390,2
2023-06-15 00:00:00.000,"04522",2,0,1780,244,1375,SE Division & 12th Ave,76903,76919,0
2023-06-15 00:00:00.000,"04502",2,0,1790,246,1375,SE Division & 12th Ave,77937,77937,0
2023-06-15 00:00:00.000,"04528",2,0,1800,248,1375,SE Division & 12th Ave,78267,78267,0
2023-06-15 00:00:00.000,"04510",2,0,1700,260,1379,SE Division & 122nd Ave,72355,72490,4
2023-06-15 00:00:00.000,"04514",2,0,1710,262,1379,SE Division & 122nd Ave,73249,73276,4
2023-06-15 00:00:00.000,"04525",2,0,1720,264,1379,SE Division & 122nd Ave,74258,74280,1
2023-06-15 00:00:00.000,"04520",2,0,1730,234,1379,SE Division & 122nd Ave,74534,74534,0
2023-06-15 00:00:00.000,"04529",2,0,1740,266,1379,SE Division & 122nd Ave,75263,75294,0
2023-06-15 00:00:00.000,"04507",2,0,1750,238,1379,SE Division & 122nd Ave,76030,76055,1
2023-06-15 00:00:00.000,"04531",2,0,1760,240,1379,SE Division & 122nd Ave,77755,77799,6
2023-06-15 00:00:00.000,"04506",2,0,1770,242,1379,SE Division & 122nd Ave,77810,77835,0
2023-06-15 00:00:00.000,"04522",2,0,1780,244,1379,SE Division & 122nd Ave,78106,78172,1
2023-06-15 00:00:00.000,"04502",2,0,1790,246,1379,SE Division & 122nd Ave,79252,79402,3
2023-06-15 00:00:00.000,"04528",2,0,1800,248,1379,SE Division & 122nd Ave,79506,79567,0
2023-06-15 00:00:00.000,"04510",2,1,1700,260,1381,SE Division & 122nd Ave,66209,66314,8
2023-06-15 00:00:00.000,"04514",2,1,1710,262,1381,SE Division & 122nd Ave,66934,66966,5
2023-06-15 00:00:00.000,"04525",2,1,1720,264,1381,SE Division & 122nd Ave,67831,67875,2
2023-06-15 00:00:00.000,"04520",2,1,1730,234,1381,SE Division & 122nd Ave,68690,68690,0
2023-06-15 00:00:00.000,"04529",2,1,1740,266,1381,SE Division & 122nd Ave,69299,69335,0
2023-06-15 00:00:00.000,"04507",2,1,1750,238,1381,SE Division & 122nd Ave,69998,70061,3
2023-06-15 00:00:00.000,"04531",2,1,1760,240,1381,SE Division & 122nd Ave,70614,70794,4
2023-06-15 00:00:00.000,"04506",2,1,1770,242,1381,SE Division & 122nd Ave,71517,71595,1
2023-06-15 00:00:00.000,"04522",2,1,1780,244,1381,SE Division & 122nd Ave,72227,72303,0
2023-06-15 00:00:00.000,"04502",2,1,1790,246,1381,SE Division & 122nd Ave,73238,73267,2
2023-06-15 00:00:00.000,"04528",2,1,1800,248,1381,SE Division & 122nd Ave,73783,73802,0
2023-06-15 00:00:00.000,"04510",2,0,1700,260,1386,SE Division & 130th Ave,72551,72574,1
2023-06-15 00:00:00.000,"04514",2,0,1710,262,1386,SE Division & 130th Ave,73324,73344,0
2023-06-15 00:00:00.000,"04525",2,0,1720,264,1386,SE Division & 130th Ave,74330,74330,0
2023-06-15 00:00:00.000,"04520",2,0,1730,234,1386,SE Division & 130th Ave,74589,74589,0
2023-06-15 00:00:00.000,"04529",2,0,1740,266,1386,SE Division & 130th Ave,75364,75385,0
2023-06-15 00:00:00.000,"04507",2,0,1750,238,1386,SE Division & 130th Ave,76104,76121,0
2023-06-15 00:00:00.000,"04531",2,0,1760,240,1386,SE Division & 130th Ave,77854,77854,0
2023-06-15 00:00:00.000,"04506",2,0,1770,242,1386,SE Division & 130th Ave,77942,77942,0
2023-06-15 00:00:00.000,"04522",2,0,1780,244,1386,SE Division & 130th Ave,78255,78255,0
2023-06-15 00:00:00.000,"04502",2,0,1790,246,1386,SE Division & 130th Ave,79458,79484,2
2023-06-15 00:00:00.000,"04528",2,0,1800,248,1386,SE Division & 130th Ave,79617,79617,0
2023-06-15 00:00:00.000,"04510",2,1,1700,260,1387,SE Division & 130th Ave,66109,66129,1
2023-06-15 00:00:00.000,"04514",2,1,1710,262,1387,SE Division & 130th Ave,66837,66856,0
2023-06-15 00:00:00.000,"04525",2,1,1720,264,1387,SE Division & 130th Ave,67738,67738,0
2023-06-15 00:00:00.000,"04520",2,1,1730,234,1387,SE Division & 130th Ave,68592,68617,3
2023-06-15 00:00:00.000,"04529",2,1,1740,266,1387,SE Division & 130th Ave,69198,69217,0
2023-06-15 00:00:00.000,"04507",2,1,1750,238,1387,SE Division & 130th Ave,69876,69899,0
2023-06-15 00:00:00.000,"04531",2,1,1760,240,1387,SE Division & 130th Ave,70555,70555,0
2023-06-15 00:00:00.000,"04506",2,1,1770,242,1387,SE Division & 130th Ave,71432,71432,0
2023-06-15 00:00:00.000,"04522",2,1,1780,244,1387,SE Division & 130th Ave,72115,72139,0
2023-06-15 00:00:00.000,"04502",2,1,1790,246,1387,SE Division & 130th Ave,73151,73168,2
2023-06-15 00:00:00.000,"04528",2,1,1800,248,1387,SE Division & 130th Ave,73697,73697,0
2023-06-15 00:00:00.000,"04510",2,0,1700,260,1389,SE Division & 136th Ave,72622,72653,2
2023-06-15 00:00:00.000,"04514",2,0,1710,262,1389,SE Division & 136th Ave,73381,73404,0
2023-06-15 00:00:00.000,"04525",2,0,1720,264,1389,SE Division & 136th Ave,74373,74397,6
2023-06-15 00:00:00.000,"04520",2,0,1730,234,1389,SE Division & 136th Ave,74634,74655,3
2023-06-15 00:00:00.000,"04529",2,0,1740,266,1389,SE Division & 136th Ave,75446,75446,0
2023-06-15 00:00:00.000,"04507",2,0,1750,238,1389,SE Division & 136th Ave,76162,76212,1
2023-06-15 00:00:00.000,"04531",2,0,1760,240,1389,SE Division & 136th Ave,77894,77915,0
2023-06-15 00:00:00.000,"04506",2,0,1770,242,1389,SE Division & 136th Ave,77990,77990,0
2023-06-15 00:00:00.000,"04522",2,0,1780,244,1389,SE Division & 136th Ave,78294,78314,0
2023-06-15 00:00:00.000,"04502",2,0,1790,246,1389,SE Division & 136th Ave,79526,79550,0
2023-06-15 00:00:00.000,"04528",2,0,1800,248,1389,SE Division & 136th Ave,79657,79657,0
2023-06-15 00:00:00.000,"04510",2,1,1700,260,1396,SE Division & 142nd Ave,65968,65968,0
2023-06-15 00:00:00.000,"04514",2,1,1710,262,1396,SE Division & 142nd Ave,66730,66730,0
2023-06-15 00:00:00.000,"04525",2,1,1720,264,1396,SE Division & 142nd Ave,67546,67609,2
2023-06-15 00:00:00.000,"04520",2,1,1730,234,1396,SE Division & 142nd Ave,68454,68474,0
2023-06-15 00:00:00.000,"04529",2,1,1740,266,1396,SE Division & 142nd Ave,69034,69054,1
2023-06-15 00:00:00.000,"04507",2,1,1750,238,1396,SE Division & 142nd Ave,69731,69751,3
2023-06-15 00:00:00.000,"04531",2,1,1760,240,1396,SE Division & 142nd Ave,70477,70477,0
2023-06-15 00:00:00.000,"04506",2,1,1770,242,1396,SE Division & 142nd Ave,71295,71295,0
2023-06-15 00:00:00.000,"04522",2,1,1780,244,1396,SE Division & 142nd Ave,72008,72035,1
2023-06-15 00:00:00.000,"04502",2,1,1790,246,1396,SE Division & 142nd Ave,72875,73025,4
2023-06-15 00:00:00.000,"04528",2,1,1800,248,1396,SE Division & 142nd Ave,73499,73499,0
2023-06-15 00:00:00.000,"04510",2,0,1700,260,1409,SE Division & 157th Ave,72883,72902,0
2023-06-15 00:00:00.000,"04514",2,0,1710,262,1409,SE Division & 157th Ave,73615,73615,0
2023-06-15 00:00:00.000,"04525",2,0,1720,264,1409,SE Division & 157th Ave,74600,74600,0
2023-06-15 00:00:00.000,"04520",2,0,1730,234,1409,SE Division & 157th Ave,74888,74888,0
2023-06-15 00:00:00.000,"04529",2,0,1740,266,1409,SE Division & 157th Ave,75638,75638,0
2023-06-15 00:00:00.000,"04507",2,0,1750,238,1409,SE Division & 157th Ave,76373,76373,0
2023-06-15 00:00:00.000,"04531",2,0,1760,240,1409,SE Division & 157th Ave,78154,78154,0
2023-06-15 00:00:00.000,"04506",2,0,1770,242,1409,SE Division & 157th Ave,78215,78215,0
2023-06-15 00:00:00.000,"04522",2,0,1780,244,1409,SE Division & 157th Ave,78471,78471,0
2023-06-15 00:00:00.000,"04502",2,0,1790,246,1409,SE Division & 157th Ave,79752,79772,0
2023-06-15 00:00:00.000,"04528",2,0,1800,248,1409,SE Division & 157th Ave,79827,79845,0
2023-06-15 00:00:00.000,"04510",2,1,1700,260,1416,SE Division & 162nd Ave,65689,65730,3
2023-06-15 00:00:00.000,"04514",2,1,1710,262,1416,SE Division & 162nd Ave,66538,66569,2
2023-06-15 00:00:00.000,"04525",2,1,1720,264,1416,SE Division & 162nd Ave,67322,67373,6
2023-06-15 00:00:00.000,"04520",2,1,1730,234,1416,SE Division & 162nd Ave,68257,68257,0
2023-06-15 00:00:00.000,"04529",2,1,1740,266,1416,SE Division & 162nd Ave,68760,68791,3
2023-06-15 00:00:00.000,"04507",2,1,1750,238,1416,SE Division & 162nd Ave,69416,69530,5
2023-06-15 00:00:00.000,"04531",2,1,1760,240,1416,SE Division & 162nd Ave,70286,70301,1
2023-06-15 00:00:00.000,"04506",2,1,1770,242,1416,SE Division & 162nd Ave,71031,71064,0
2023-06-15 00:00:00.000,"04522",2,1,1780,244,1416,SE Division & 162nd Ave,71803,71833,1
2023-06-15 00:00:00.000,"04502",2,1,1790,246,1416,SE Division & 162nd Ave,72626,72658,2
2023-06-15 00:00:00.000,"04528",2,1,1800,248,1416,SE Division & 162nd Ave,73295,73326,4
2023-06-15 00:00:00.000,"04510",2,0,1700,260,1422,SE Division & 174th Ave,73041,73064,1
2023-06-15 00:00:00.000,"04514",2,0,1710,262,1422,SE Division & 174th Ave,73781,73781,0
2023-06-15 00:00:00.000,"04525",2,0,1720,264,1422,SE Division & 174th Ave,74739,74763,0
2023-06-15 00:00:00.000,"04520",2,0,1730,234,1422,SE Division & 174th Ave,75027,75027,0
2023-06-15 00:00:00.000,"04529",2,0,1740,266,1422,SE Division & 174th Ave,75786,75786,0
2023-06-15 00:00:00.000,"04507",2,0,1750,238,1422,SE Division & 174th Ave,76493,76493,0
2023-06-15 00:00:00.000,"04531",2,0,1760,240,1422,SE Division & 174th Ave,78351,78375,1
2023-06-15 00:00:00.000,"04506",2,0,1770,242,1422,SE Division & 174th Ave,78378,78408,0
2023-06-15 00:00:00.000,"04522",2,0,1780,244,1422,SE Division & 174th Ave,78594,78594,0
2023-06-15 00:00:00.000,"04502",2,0,1790,246,1422,SE Division & 174th Ave,79943,79966,0
2023-06-15 00:00:00.000,"04528",2,0,1800,248,1422,SE Division & 174th Ave,79988,80015,0
2023-06-15 00:00:00.000,"04510",2,0,1700,260,1435,SE Division & 20th Ave,71128,71128,0
2023-06-15 00:00:00.000,"04525",2,0,1720,264,1435,SE Division & 20th Ave,73044,73067,1
2023-06-15 00:00:00.000,"04520",2,0,1730,234,1435,SE Division & 20th Ave,73308,73329,1
2023-06-15 00:00:00.000,"04529",2,0,1740,266,1435,SE Division & 20th Ave,74121,74121,0
2023-06-15 00:00:00.000,"04507",2,0,1750,238,1435,SE Division & 20th Ave,74814,74838,1
2023-06-15 00:00:00.000,"04531",2,0,1760,240,1435,SE Division & 20th Ave,76450,76481,1
2023-06-15 00:00:00.000,"04522",2,0,1780,244,1435,SE Division & 20th Ave,76977,76977,0
2023-06-15 00:00:00.000,"04502",2,0,1790,246,1435,SE Division & 20th Ave,77993,77993,0
2023-06-15 00:00:00.000,"04528",2,0,1800,248,1435,SE Division & 20th Ave,78342,78342,0
2023-06-15 00:00:00.000,"04510",2,0,1700,260,1441,SE Division & 26th Ave,71190,71209,1
2023-06-15 00:00:00.000,"04525",2,0,1720,264,1441,SE Division & 26th Ave,73123,73123,0
2023-06-15 00:00:00.000,"04520",2,0,1730,234,1441,SE Division & 26th Ave,73393,73393,0
2023-06-15 00:00:00.000,"04529",2,0,1740,266,1441,SE Division & 26th Ave,74192,74192,0
2023-06-15 00:00:00.000,"04507",2,0,1750,238,1441,SE Division & 26th Ave,74945,74945,0
2023-06-15 00:00:00.000,"04531",2,0,1760,240,1441,SE Division & 26th Ave,76578,76600,0
2023-06-15 00:00:00.000,"04506",2,0,1770,242,1441,SE Division & 26th Ave,76608,76608,0
2023-06-15 00:00:00.000,"04522",2,0,1780,244,1441,SE Division & 26th Ave,77034,77034,0
2023-06-15 00:00:00.000,"04502",2,0,1790,246,1441,SE Division & 26th Ave,78055,78076,0
2023-06-15 00:00:00.000,"04528",2,0,1800,248,1441,SE Division & 26th Ave,78389,78408,0
2023-06-15 00:00:00.000,"04510",2,1,1700,260,1442,SE Division & 26th Ave,67888,67888,0
2023-06-15 00:00:00.000,"04514",2,1,1710,262,1442,SE Division & 26th Ave,68450,68450,0
2023-06-15 00:00:00.000,"04525",2,1,1720,264,1442,SE Division & 26th Ave,69162,69181,1
2023-06-15 00:00:00.000,"04520",2,1,1730,234,1442,SE Division & 26th Ave,69865,69865,0
2023-06-15 00:00:00.000,"04529",2,1,1740,266,1442,SE Division & 26th Ave,70556,70556,0
2023-06-15 00:00:00.000,"04507",2,1,1750,238,1442,SE Division & 26th Ave,71303,71322,0
2023-06-15 00:00:00.000,"04531",2,1,1760,240,1442,SE Division & 26th Ave,72141,72141,0
2023-06-15 00:00:00.000,"04506",2,1,1770,242,1442,SE Division & 26th Ave,72780,72810,0
2023-06-15 00:00:00.000,"04522",2,1,1780,244,1442,SE Division & 26th Ave,73530,73556,0
2023-06-15 00:00:00.000,"04502",2,1,1790,246,1442,SE Division & 26th Ave,74348,74372,0
2023-06-15 00:00:00.000,"04528",2,1,1800,248,1442,SE Division & 26th Ave,74949,74973,1
2023-06-15 00:00:00.000,"04510",2,0,1700,260,1451,SE Division & 34th Ave,71337,71357,0
2023-06-15 00:00:00.000,"04525",2,0,1720,264,1451,SE Division & 34th Ave,73241,73263,0
2023-06-15 00:00:00.000,"04520",2,0,1730,234,1451,SE Division & 34th Ave,73514,73537,0
2023-06-15 00:00:00.000,"04529",2,0,1740,266,1451,SE Division & 34th Ave,74299,74322,2
2023-06-15 00:00:00.000,"04507",2,0,1750,238,1451,SE Division & 34th Ave,75082,75102,0
2023-06-15 00:00:00.000,"04531",2,0,1760,240,1451,SE Division & 34th Ave,76715,76715,0
2023-06-15 00:00:00.000,"04506",2,0,1770,242,1451,SE Division & 34th Ave,76736,76762,1
2023-06-15 00:00:00.000,"04522",2,0,1780,244,1451,SE Division & 34th Ave,77171,77171,0
2023-06-15 00:00:00.000,"04502",2,0,1790,246,1451,SE Division & 34th Ave,78192,78192,0
2023-06-15 00:00:00.000,"04528",2,0,1800,248,1451,SE Division & 34th Ave,78508,78508,0
2023-06-15 00:00:00.000,"04510",2,1,1700,260,1452,SE Division & 34th Ave,67737,67787,1
2023-06-15 00:00:00.000,"04514",2,1,1710,262,1452,SE Division & 34th Ave,68306,68306,0
2023-06-15 00:00:00.000,"04525",2,1,1720,264,1452,SE Division & 34th Ave,69044,69044,0
2023-06-15 00:00:00.000,"04520",2,1,1730,234,1452,SE Division & 34th Ave,69713,69742,0
2023-06-15 00:00:00.000,"04529",2,1,1740,266,1452,SE Division & 34th Ave,70447,70447,0
2023-06-15 00:00:00.000,"04507",2,1,1750,238,1452,SE Division & 34th Ave,71137,71156,0
2023-06-15 00:00:00.000,"04531",2,1,1760,240,1452,SE Division & 34th Ave,72002,72002,0
2023-06-15 00:00:00.000,"04506",2,1,1770,242,1452,SE Division & 34th Ave,72676,72676,0
2023-06-15 00:00:00.000,"04522",2,1,1780,244,1452,SE Division & 34th Ave,73376,73401,0
2023-06-15 00:00:00.000,"04502",2,1,1790,246,1452,SE Division & 34th Ave,74199,74220,2
2023-06-15 00:00:00.000,"04528",2,1,1800,248,1452,SE Division & 34th Ave,74829,74850,0
2023-06-15 00:00:00.000,"04510",2,0,1700,260,1458,SE Division & Cesar Chavez Blvd,71425,71482,1
2023-06-15 00:00:00.000,"04525",2,0,1720,264,1458,SE Division & Cesar Chavez Blvd,73333,73357,2
2023-06-15 00:00:00.000,"04520",2,0,1730,234,1458,SE Division & Cesar Chavez Blvd,73607,73640,0
2023-06-15 00:00:00.000,"04529",2,0,1740,266,1458,SE Division & Cesar Chavez Blvd,74388,74408,2
2023-06-15 00:00:00.000,"04507",2,0,1750,238,1458,SE Division & Cesar Chavez Blvd,75169,75189,0
2023-06-15 00:00:00.000,"04531",2,0,1760,240,1458,SE Division & Cesar Chavez Blvd,76822,76854,1
2023-06-15 00:00:00.000,"04506",2,0,1770,242,1458,SE Division & Cesar Chavez Blvd,76858,76878,0
2023-06-15 00:00:00.000,"04522",2,0,1780,244,1458,SE Division & Cesar Chavez Blvd,77238,77261,3
2023-06-15 00:00:00.000,"04502",2,0,1790,246,1458,SE Division & Cesar Chavez Blvd,78248,78340,4
2023-06-15 00:00:00.000,"04528",2,0,1800,248,1458,SE Division & Cesar Chavez Blvd,78572,78572,0
2023-06-15 00:00:00.000,"04510",2,0,1700,260,1477,SE Division & 60th Ave,71683,71683,0
2023-06-15 00:00:00.000,"04525",2,0,1720,264,1477,SE Division & 60th Ave,73580,73580,0
2023-06-15 00:00:00.000,"04520",2,0,1730,234,1477,SE Division & 60th Ave,73817,73817,0
2023-06-15 00:00:00.000,"04529",2,0,1740,266,1477,SE Division & 60th Ave,74594,74594,0
2023-06-15 00:00:00.000,"04507",2,0,1750,238,1477,SE Division & 60th Ave,75434,75434,0
2023-06-15 00:00:00.000,"04531",2,0,1760,240,1477,SE Division & 60th Ave,77119,77119,0
2023-06-15 00:00:00.000,"04506",2,0,1770,242,1477,SE Division & 60th Ave,77128,77148,0
2023-06-15 00:00:00.000,"04522",2,0,1780,244,1477,SE Division & 60th Ave,77446,77466,0
2023-06-15 00:00:00.000,"04502",2,0,1790,246,1477,SE Division & 60th Ave,78634,78654,0
2023-06-15 00:00:00.000,"04528",2,0,1800,248,1477,SE Division & 60th Ave,78734,78734,0
2023-06-15 00:00:00.000,"04502",2,1,1790,246,1496,SE Division & 8th,74617,74617,0
2023-06-15 00:00:00.000,"04528",2,1,1800,248,1496,SE Division & 8th,75181,75181,0
2023-06-15 00:00:00.000,"04510",2,0,1700,260,1497,SE Division & 82nd Ave,71895,71948,0
2023-06-15 00:00:00.000,"04514",2,0,1710,262,1497,SE Division & 82nd Ave,72836,72870,1
2023-06-15 00:00:00.000,"04525",2,0,1720,264,1497,SE Division & 82nd Ave,73795,73824,0
2023-06-15 00:00:00.000,"04520",2,0,1730,234,1497,SE Division & 82nd Ave,74019,74101,2
2023-06-15 00:00:00.000,"04529",2,0,1740,266,1497,SE Division & 82nd Ave,74851,74876,1
2023-06-15 00:00:00.000,"04507",2,0,1750,238,1497,SE Division & 82nd Ave,75616,75637,1
2023-06-15 00:00:00.000,"04531",2,0,1760,240,1497,SE Division & 82nd Ave,77315,77344,3
2023-06-15 00:00:00.000,"04506",2,0,1770,242,1497,SE Division & 82nd Ave,77351,77373,0
2023-06-15 00:00:00.000,"04522",2,0,1780,244,1497,SE Division & 82nd Ave,77690,77719,3
2023-06-15 00:00:00.000,"04502",2,0,1790,246,1497,SE Division & 82nd Ave,78865,78889,3
2023-06-15 00:00:00.000,"04528",2,0,1800,248,1497,SE Division & 82nd Ave,79045,79087,0
2023-06-15 00:00:00.000,"04510",2,1,1700,260,1499,SE Division & 82nd Ave,66842,66969,1
2023-06-15 00:00:00.000,"04514",2,1,1710,262,1499,SE Division & 82nd Ave,67538,67698,5
2023-06-15 00:00:00.000,"04525",2,1,1720,264,1499,SE Division & 82nd Ave,68332,68433,4
2023-06-15 00:00:00.000,"04520",2,1,1730,234,1499,SE Division & 82nd Ave,69124,69147,2
2023-06-15 00:00:00.000,"04529",2,1,1740,266,1499,SE Division & 82nd Ave,69687,69920,1
2023-06-15 00:00:00.000,"04507",2,1,1750,238,1499,SE Division & 82nd Ave,70488,70602,1
2023-06-15 00:00:00.000,"04531",2,1,1760,240,1499,SE Division & 82nd Ave,71278,71391,4
2023-06-15 00:00:00.000,"04506",2,1,1770,242,1499,SE Division & 82nd Ave,72096,72132,0
2023-06-15 00:00:00.000,"04522",2,1,1780,244,1499,SE Division & 82nd Ave,72653,72873,1
2023-06-15 00:00:00.000,"04502",2,1,1790,246,1499,SE Division & 82nd Ave,73692,73710,0
2023-06-15 00:00:00.000,"04528",2,1,1800,248,1499,SE Division & 82nd Ave,74296,74349,3
2023-06-15 00:00:00.000,"04510",2,1,1700,260,1501,SE Division & 85th Ave,66805,66805,0
2023-06-15 00:00:00.000,"04514",2,1,1710,262,1501,SE Division & 85th Ave,67475,67498,0
2023-06-15 00:00:00.000,"04525",2,1,1720,264,1501,SE Division & 85th Ave,68301,68301,0
2023-06-15 00:00:00.000,"04520",2,1,1730,234,1501,SE Division & 85th Ave,69078,69078,0
2023-06-15 00:00:00.000,"04529",2,1,1740,266,1501,SE Division & 85th Ave,69658,69658,0
2023-06-15 00:00:00.000,"04507",2,1,1750,238,1501,SE Division & 85th Ave,70455,70455,0
2023-06-15 00:00:00.000,"04531",2,1,1760,240,1501,SE Division & 85th Ave,71225,71247,0
2023-06-15 00:00:00.000,"04506",2,1,1770,242,1501,SE Division & 85th Ave,72048,72048,0
2023-06-15 00:00:00.000,"04522",2,1,1780,244,1501,SE Division & 85th Ave,72626,72626,0
2023-06-15 00:00:00.000,"04502",2,1,1790,246,1501,SE Division & 85th Ave,73632,73658,0
2023-06-15 00:00:00.000,"04528",2,1,1800,248,1501,SE Division & 85th Ave,74211,74247,0
2023-06-15 00:00:00.000,"04531",2,0,1760,240,2594,SE Hawthorne & 6th,76202,76202,0
2023-06-15 00:00:00.000,"04522",2,0,1780,244,2594,SE Hawthorne & 6th,76781,76781,0
2023-06-15 00:00:00.000,"04502",2,0,1790,246,2594,SE Hawthorne & 6th,77755,77755,0
2023-06-15 00:00:00.000,"04510",2,1,1700,260,3398,SW Lincoln & 1st,68698,68698,0
2023-06-15 00:00:00.000,"04514",2,1,1710,262,3398,SW Lincoln & 1st,69182,69207,0
2023-06-15 00:00:00.000,"04525",2,1,1720,264,3398,SW Lincoln & 1st,69949,69949,0
2023-06-15 00:00:00.000,"04520",2,1,1730,234,3398,SW Lincoln & 1st,70548,70548,0
2023-06-15 00:00:00.000,"04529",2,1,1740,266,3398,SW Lincoln & 1st,71256,71320,1
2023-06-15 00:00:00.000,"04507",2,1,1750,238,3398,SW Lincoln & 1st,72195,72195,0
2023-06-15 00:00:00.000,"04531",2,1,1760,240,3398,SW Lincoln & 1st,72929,72929,0
2023-06-15 00:00:00.000,"04506",2,1,1770,242,3398,SW Lincoln & 1st,73451,73451,0
2023-06-15 00:00:00.000,"04522",2,1,1780,244,3398,SW Lincoln & 1st,74091,74091,0
2023-06-15 00:00:00.000,"04502",2,1,1790,246,3398,SW Lincoln & 1st,75268,75268,0
2023-06-15 00:00:00.000,"04528",2,1,1800,248,3398,SW Lincoln & 1st,75606,75606,0
2023-06-15 00:00:00.000,"04510",2,1,1700,260,1316,NW Division & Civic Dr,65226,65226,0
2023-06-15 00:00:00.000,"04514",2,1,1710,262,1316,NW Division & Civic Dr,66057,66057,0
2023-06-15 00:00:00.000,"04525",2,1,1720,264,1316,NW Division & Civic Dr,66882,66908,0
2023-06-15 00:00:00.000,"04520",2,1,1730,234,1316,NW Division & Civic Dr,67647,67666,1
2023-06-15 00:00:00.000,"04529",2,1,1740,266,1316,NW Division & Civic Dr,68254,68254,0
2023-06-15 00:00:00.000,"04507",2,1,1750,238,1316,NW Division & Civic Dr,68991,68991,0
2023-06-15 00:00:00.000,"04531",2,1,1760,240,1316,NW Division & Civic Dr,69820,69820,0
2023-06-15 00:00:00.000,"04506",2,1,1770,242,1316,NW Division & Civic Dr,70526,70526,0
2023-06-15 00:00:00.000,"04522",2,1,1780,244,1316,NW Division & Civic Dr,71325,71347,1
2023-06-15 00:00:00.000,"04502",2,1,1790,246,1316,NW Division & Civic Dr,72160,72182,0
2023-06-15 00:00:00.000,"04528",2,1,1800,248,1316,NW Division & Civic Dr,72864,72877,1
2023-06-15 00:00:00.000,"04510",2,1,1700,260,1334,NW Division & Eastwood Ave,65363,65363,0
2023-06-15 00:00:00.000,"04514",2,1,1710,262,1334,NW Division & Eastwood Ave,66206,66240,2
2023-06-15 00:00:00.000,"04525",2,1,1720,264,1334,NW Division & Eastwood Ave,67035,67035,0
2023-06-15 00:00:00.000,"04520",2,1,1730,234,1334,NW Division & Eastwood Ave,67863,67883,0
2023-06-15 00:00:00.000,"04529",2,1,1740,266,1334,NW Division & Eastwood Ave,68424,68424,0
2023-06-15 00:00:00.000,"04507",2,1,1750,238,1334,NW Division & Eastwood Ave,69119,69146,1
2023-06-15 00:00:00.000,"04531",2,1,1760,240,1334,NW Division & Eastwood Ave,69965,70009,3
2023-06-15 00:00:00.000,"04506",2,1,1770,242,1334,NW Division & Eastwood Ave,70663,70663,0
2023-06-15 00:00:00.000,"04522",2,1,1780,244,1334,NW Division & Eastwood Ave,71479,71498,0
2023-06-15 00:00:00.000,"04502",2,1,1790,246,1334,NW Division & Eastwood Ave,72351,72351,0
2023-06-15 00:00:00.000,"04528",2,1,1800,248,1334,NW Division & Eastwood Ave,73024,73024,0
2023-06-15 00:00:00.000,"04510",2,0,1700,260,1359,SE Division & 101st Ave,72133,72133,0
2023-06-15 00:00:00.000,"04514",2,0,1710,262,1359,SE Division & 101st Ave,73069,73069,0
2023-06-15 00:00:00.000,"04525",2,0,1720,264,1359,SE Division & 101st Ave,74024,74048,4
2023-06-15 00:00:00.000,"04520",2,0,1730,234,1359,SE Division & 101st Ave,74285,74305,0
2023-06-15 00:00:00.000,"04529",2,0,1740,266,1359,SE Division & 101st Ave,75085,75085,0
2023-06-15 00:00:00.000,"04507",2,0,1750,238,1359,SE Division & 101st Ave,75794,75794,0
2023-06-15 00:00:00.000,"04531",2,0,1760,240,1359,SE Division & 101st Ave,77543,77564,0
2023-06-15 00:00:00.000,"04506",2,0,1770,242,1359,SE Division & 101st Ave,77643,77643,0
2023-06-15 00:00:00.000,"04522",2,0,1780,244,1359,SE Division & 101st Ave,77869,77869,0
2023-06-15 00:00:00.000,"04502",2,0,1790,246,1359,SE Division & 101st Ave,79055,79055,0
2023-06-15 00:00:00.000,"04528",2,0,1800,248,1359,SE Division & 101st Ave,79230,79230,0
2023-06-15 00:00:00.000,"04510",2,0,1700,260,1370,SE Division & 116th Ave,72293,72293,0
2023-06-15 00:00:00.000,"04514",2,0,1710,262,1370,SE Division & 116th Ave,73152,73175,0
2023-06-15 00:00:00.000,"04525",2,0,1720,264,1370,SE Division & 116th Ave,74184,74205,0
2023-06-15 00:00:00.000,"04520",2,0,1730,234,1370,SE Division & 116th Ave,74453,74453,0
2023-06-15 00:00:00.000,"04529",2,0,1740,266,1370,SE Division & 116th Ave,75203,75203,0
2023-06-15 00:00:00.000,"04507",2,0,1750,238,1370,SE Division & 116th Ave,75929,75947,0
2023-06-15 00:00:00.000,"04531",2,0,1760,240,1370,SE Division & 116th Ave,77682,77703,0
2023-06-15 00:00:00.000,"04506",2,0,1770,242,1370,SE Division & 116th Ave,77745,77745,0
2023-06-15 00:00:00.000,"04522",2,0,1780,244,1370,SE Division & 116th Ave,78001,78046,0
2023-06-15 00:00:00.000,"04502",2,0,1790,246,1370,SE Division & 116th Ave,79177,79177,0
2023-06-15 00:00:00.000,"04528",2,0,1800,248,1370,SE Division & 116th Ave,79419,79445,0
2023-06-15 00:00:00.000,"04510",2,0,1700,260,8199,Gresham Central Transit Center,73506,73506,0
2023-06-15 00:00:00.000,"04514",2,0,1710,262,8199,Gresham Central Transit Center,74302,74302,0
2023-06-15 00:00:00.000,"04525",2,0,1720,264,8199,Gresham Central Transit Center,75163,75194,0
2023-06-15 00:00:00.000,"04520",2,0,1730,234,8199,Gresham Central Transit Center,75459,75503,0
2023-06-15 00:00:00.000,"04529",2,0,1740,266,8199,Gresham Central Transit Center,76279,76335,0
2023-06-15 00:00:00.000,"04507",2,0,1750,238,8199,Gresham Central Transit Center,76926,76926,0
2023-06-15 00:00:00.000,"04531",2,0,1760,240,8199,Gresham Central Transit Center,78889,78917,0
2023-06-15 00:00:00.000,"04506",2,0,1770,242,8199,Gresham Central Transit Center,79103,79133,0
2023-06-15 00:00:00.000,"04522",2,0,1780,244,8199,Gresham Central Transit Center,79029,79069,0
2023-06-15 00:00:00.000,"04502",2,0,1790,246,8199,Gresham Central Transit Center,80492,80666,2
2023-06-15 00:00:00.000,"04528",2,0,1800,248,8199,Gresham Central Transit Center,80535,80535,0
2023-06-15 00:00:00.000,"04510",2,0,1700,260,9302,NW 5th & Hoyt,69864,69864,3
2023-06-15 00:00:00.000,"04514",2,0,1710,262,9302,NW 5th & Hoyt,71725,71725,4
2023-06-15 00:00:00.000,"04525",2,0,1720,264,9302,NW 5th & Hoyt,71422,71422,2
2023-06-15 00:00:00.000,"04520",2,0,1730,234,9302,NW 5th & Hoyt,72072,72072,2
2023-06-15 00:00:00.000,"04529",2,0,1740,266,9302,NW 5th & Hoyt,72801,72801,0
2023-06-15 00:00:00.000,"04507",2,0,1750,238,9302,NW 5th & Hoyt,73337,73337,1
2023-06-15 00:00:00.000,"04531",2,0,1760,240,9302,NW 5th & Hoyt,74504,74504,4
2023-06-15 00:00:00.000,"04506",2,0,1770,242,9302,NW 5th & Hoyt,74962,74962,0
2023-06-15 00:00:00.000,"04522",2,0,1780,244,9302,NW 5th & Hoyt,75621,75621,1
2023-06-15 00:00:00.000,"04502",2,0,1790,246,9302,NW 5th & Hoyt,76398,76398,0
2023-06-15 00:00:00.000,"04528",2,0,1800,248,9302,NW 5th & Hoyt,77065,77065,0
2023-06-15 00:00:00.000,"04510",2,1,1700,260,9302,NW 5th & Hoyt,69407,69416,0
2023-06-15 00:00:00.000,"04510",2,1,1700,260,9302,NW 5th & Hoyt,69449,69449,0
2023-06-15 00:00:00.000,"04514",2,1,1710,262,9302,NW 5th & Hoyt,70007,70007,0
2023-06-15 00:00:00.000,"04525",2,1,1720,264,9302,NW 5th & Hoyt,70733,70733,0
2023-06-15 00:00:00.000,"04520",2,1,1730,234,9302,NW 5th & Hoyt,71389,71417,0
2023-06-15 00:00:00.000,"04520",2,1,1730,234,9302,NW 5th & Hoyt,71443,71443,0
2023-06-15 00:00:00.000,"04529",2,1,1740,266,9302,NW 5th & Hoyt,72294,72748,1
2023-06-15 00:00:00.000,"04529",2,1,1740,266,9302,NW 5th & Hoyt,72764,72764,0
2023-06-15 00:00:00.000,"04507",2,1,1750,238,9302,NW 5th & Hoyt,73039,73039,0
2023-06-15 00:00:00.000,"04531",2,1,1760,240,9302,NW 5th & Hoyt,73838,73838,0
2023-06-15 00:00:00.000,"04506",2,1,1770,242,9302,NW 5th & Hoyt,74080,74080,0
2023-06-15 00:00:00.000,"04522",2,1,1780,244,9302,NW 5th & Hoyt,74917,75572,1
2023-06-15 00:00:00.000,"04522",2,1,1780,244,9302,NW 5th & Hoyt,75593,75593,0
2023-06-15 00:00:00.000,"04502",2,1,1790,246,9302,NW 5th & Hoyt,76122,76352,0
2023-06-15 00:00:00.000,"04502",2,1,1790,246,9302,NW 5th & Hoyt,76372,76372,0
2023-06-15 00:00:00.000,"04528",2,1,1800,248,9302,NW 5th & Hoyt,76363,76561,0
2023-06-15 00:00:00.000,"04528",2,1,1800,248,9302,NW 5th & Hoyt,76576,76576,0
2023-06-15 00:00:00.000,"04510",2,1,1700,260,11486,SW 6th & Columbia,68971,68987,1
2023-06-15 00:00:00.000,"04514",2,1,1710,262,11486,SW 6th & Columbia,69472,69541,0
2023-06-15 00:00:00.000,"04525",2,1,1720,264,11486,SW 6th & Columbia,70260,70279,0
2023-06-15 00:00:00.000,"04520",2,1,1730,234,11486,SW 6th & Columbia,70820,70886,0
2023-06-15 00:00:00.000,"04529",2,1,1740,266,11486,SW 6th & Columbia,71611,71665,0
2023-06-15 00:00:00.000,"04507",2,1,1750,238,11486,SW 6th & Columbia,72497,72515,0
2023-06-15 00:00:00.000,"04531",2,1,1760,240,11486,SW 6th & Columbia,73173,73233,0
2023-06-15 00:00:00.000,"04506",2,1,1770,242,11486,SW 6th & Columbia,73731,73751,0
2023-06-15 00:00:00.000,"04522",2,1,1780,244,11486,SW 6th & Columbia,74343,74411,0
2023-06-15 00:00:00.000,"04502",2,1,1790,246,11486,SW 6th & Columbia,75579,75642,1
2023-06-15 00:00:00.000,"04528",2,1,1800,248,11486,SW 6th & Columbia,75919,75919,0
2023-06-15 00:00:00.000,"04510",2,1,1700,260,7797,SW 6th & Harvey Milk,69226,69245,0
2023-06-15 00:00:00.000,"04514",2,1,1710,262,7797,SW 6th & Harvey Milk,69742,69793,1
2023-06-15 00:00:00.000,"04525",2,1,1720,264,7797,SW 6th & Harvey Milk,70464,70525,0
2023-06-15 00:00:00.000,"04520",2,1,1730,234,7797,SW 6th & Harvey Milk,71086,71147,0
2023-06-15 00:00:00.000,"04529",2,1,1740,266,7797,SW 6th & Harvey Milk,71861,71879,0
2023-06-15 00:00:00.000,"04507",2,1,1750,238,7797,SW 6th & Harvey Milk,72640,72655,0
2023-06-15 00:00:00.000,"04531",2,1,1760,240,7797,SW 6th & Harvey Milk,73430,73501,0
2023-06-15 00:00:00.000,"04506",2,1,1770,242,7797,SW 6th & Harvey Milk,73872,73892,0
2023-06-15 00:00:00.000,"04522",2,1,1780,244,7797,SW 6th & Harvey Milk,74597,74662,5
2023-06-15 00:00:00.000,"04502",2,1,1790,246,7797,SW 6th & Harvey Milk,75835,75856,0
2023-06-15 00:00:00.000,"04528",2,1,1800,248,7797,SW 6th & Harvey Milk,76061,76072,0
2023-06-15 00:00:00.000,"04531",2,0,1760,240,7855,SE 7th & Clay,76223,76223,0
2023-06-15 00:00:00.000,"04522",2,0,1780,244,7855,SE 7th & Clay,76794,76794,0
2023-06-15 00:00:00.000,"04502",2,0,1790,246,7855,SE 7th & Clay,77803,77803,0
2023-06-15 00:00:00.000,"04531",2,0,1760,240,7859,SE 7th & Harrison,76246,76246,0
2023-06-15 00:00:00.000,"04522",2,0,1780,244,7859,SE 7th & Harrison,76841,76841,0
2023-06-15 00:00:00.000,"04502",2,0,1790,246,7859,SE 7th & Harrison,77831,77831,0
2023-06-15 00:00:00.000,"04510",2,0,1700,260,7594,SW 5th & Columbia,70329,70403,0
2023-06-15 00:00:00.000,"04525",2,0,1720,264,7594,SW 5th & Columbia,72021,72067,3
2023-06-15 00:00:00.000,"04520",2,0,1730,234,7594,SW 5th & Columbia,72527,72577,3
2023-06-15 00:00:00.000,"04529",2,0,1740,266,7594,SW 5th & Columbia,73265,73314,0
2023-06-15 00:00:00.000,"04507",2,0,1750,238,7594,SW 5th & Columbia,73868,73868,0
2023-06-15 00:00:00.000,"04531",2,0,1760,240,7594,SW 5th & Columbia,75218,75266,1
2023-06-15 00:00:00.000,"04506",2,0,1770,242,7594,SW 5th & Columbia,75550,75658,1
2023-06-15 00:00:00.000,"04522",2,0,1780,244,7594,SW 5th & Columbia,76103,76103,0
2023-06-15 00:00:00.000,"04502",2,0,1790,246,7594,SW 5th & Columbia,76882,76896,0
2023-06-15 00:00:00.000,"04528",2,0,1800,248,7594,SW 5th & Columbia,77559,77570,0
2023-06-15 00:00:00.000,"04510",2,0,1700,260,7642,SW 5th & Washington,70094,70155,3
2023-06-15 00:00:00.000,"04525",2,0,1720,264,7642,SW 5th & Washington,71783,71833,1
2023-06-15 00:00:00.000,"04520",2,0,1730,234,7642,SW 5th & Washington,72349,72394,0
2023-06-15 00:00:00.000,"04529",2,0,1740,266,7642,SW 5th & Washington,73071,73129,3
2023-06-15 00:00:00.000,"04507",2,0,1750,238,7642,SW 5th & Washington,73622,73691,5
2023-06-15 00:00:00.000,"04531",2,0,1760,240,7642,SW 5th & Washington,74826,74866,1
2023-06-15 00:00:00.000,"04506",2,0,1770,242,7642,SW 5th & Washington,75216,75263,0
2023-06-15 00:00:00.000,"04522",2,0,1780,244,7642,SW 5th & Washington,75860,75919,2
2023-06-15 00:00:00.000,"04502",2,0,1790,246,7642,SW 5th & Washington,76646,76702,2
2023-06-15 00:00:00.000,"04528",2,0,1800,248,7642,SW 5th & Washington,77335,77378,1
2023-06-15 00:00:00.000,"04510",2,1,1700,260,1448,SE Division & 30th Ave,67835,67835,0
2023-06-15 00:00:00.000,"04514",2,1,1710,262,1448,SE Division & 30th Ave,68355,68386,0
2023-06-15 00:00:00.000,"04525",2,1,1720,264,1448,SE Division & 30th Ave,69090,69109,1
2023-06-15 00:00:00.000,"04520",2,1,1730,234,1448,SE Division & 30th Ave,69789,69812,2
2023-06-15 00:00:00.000,"04529",2,1,1740,266,1448,SE Division & 30th Ave,70496,70496,0
2023-06-15 00:00:00.000,"04507",2,1,1750,238,1448,SE Division & 30th Ave,71217,71254,2
2023-06-15 00:00:00.000,"04531",2,1,1760,240,1448,SE Division & 30th Ave,72053,72083,1
2023-06-15 00:00:00.000,"04506",2,1,1770,242,1448,SE Division & 30th Ave,72730,72730,0
2023-06-15 00:00:00.000,"04522",2,1,1780,244,1448,SE Division & 30th Ave,73450,73479,2
2023-06-15 00:00:00.000,"04502",2,1,1790,246,1448,SE Division & 30th Ave,74277,74299,0
2023-06-15 00:00:00.000,"04528",2,1,1800,248,1448,SE Division & 30th Ave,74886,74910,1
2023-06-15 00:00:00.000,"04510",2,1,1700,260,7800,SW 6th & Taylor,69045,69156,0
2023-06-15 00:00:00.000,"04514",2,1,1710,262,7800,SW 6th & Taylor,69606,69663,0
2023-06-15 00:00:00.000,"04525",2,1,1720,264,7800,SW 6th & Taylor,70337,70401,1
2023-06-15 00:00:00.000,"04520",2,1,1730,234,7800,SW 6th & Taylor,70951,71011,0
2023-06-15 00:00:00.000,"04529",2,1,1740,266,7800,SW 6th & Taylor,71734,71793,0
2023-06-15 00:00:00.000,"04507",2,1,1750,238,7800,SW 6th & Taylor,72571,72588,0
2023-06-15 00:00:00.000,"04531",2,1,1760,240,7800,SW 6th & Taylor,73302,73374,0
2023-06-15 00:00:00.000,"04506",2,1,1770,242,7800,SW 6th & Taylor,73806,73824,0
2023-06-15 00:00:00.000,"04522",2,1,1780,244,7800,SW 6th & Taylor,74474,74519,0
2023-06-15 00:00:00.000,"04502",2,1,1790,246,7800,SW 6th & Taylor,75710,75766,0
2023-06-15 00:00:00.000,"04528",2,1,1800,248,7800,SW 6th & Taylor,75987,76005,0
2023-06-15 00:00:00.000,"04510",2,0,1700,260,10491,SW 5th & Hall,70522,70543,0
2023-06-15 00:00:00.000,"04525",2,0,1720,264,10491,SW 5th & Hall,72158,72200,1
2023-06-15 00:00:00.000,"04520",2,0,1730,234,10491,SW 5th & Hall,72649,72673,3
2023-06-15 00:00:00.000,"04529",2,0,1740,266,10491,SW 5th & Hall,73402,73451,1
2023-06-15 00:00:00.000,"04507",2,0,1750,238,10491,SW 5th & Hall,73940,73998,4
2023-06-15 00:00:00.000,"04531",2,0,1760,240,10491,SW 5th & Hall,75404,75465,2
2023-06-15 00:00:00.000,"04506",2,0,1770,242,10491,SW 5th & Hall,75729,75752,0
2023-06-15 00:00:00.000,"04522",2,0,1780,244,10491,SW 5th & Hall,76173,76199,2
2023-06-15 00:00:00.000,"04502",2,0,1790,246,10491,SW 5th & Hall,76961,76980,1
2023-06-15 00:00:00.000,"04528",2,0,1800,248,10491,SW 5th & Hall,77641,77653,0
2023-06-15 00:00:00.000,"04510",2,1,1700,260,9425,NW Division & Angeline Ave,65291,65291,0
2023-06-15 00:00:00.000,"04514",2,1,1710,262,9425,NW Division & Angeline Ave,66107,66131,1
2023-06-15 00:00:00.000,"04525",2,1,1720,264,9425,NW Division & Angeline Ave,66957,66957,0
2023-06-15 00:00:00.000,"04520",2,1,1730,234,9425,NW Division & Angeline Ave,67727,67767,3
2023-06-15 00:00:00.000,"04529",2,1,1740,266,9425,NW Division & Angeline Ave,68301,68324,1
2023-06-15 00:00:00.000,"04507",2,1,1750,238,9425,NW Division & Angeline Ave,69037,69037,0
2023-06-15 00:00:00.000,"04531",2,1,1760,240,9425,NW Division & Angeline Ave,69870,69886,0
2023-06-15 00:00:00.000,"04506",2,1,1770,242,9425,NW Division & Angeline Ave,70580,70580,0
2023-06-15 00:00:00.000,"04522",2,1,1780,244,9425,NW Division & Angeline Ave,71409,71409,0
2023-06-15 00:00:00.000,"04502",2,1,1790,246,9425,NW Division & Angeline Ave,72240,72271,0
2023-06-15 00:00:00.000,"04528",2,1,1800,248,9425,NW Division & Angeline Ave,72931,72949,0
2023-06-15 00:00:00.000,"04510",2,1,1700,260,1360,SE Division & 101st Ave,66510,66529,0
2023-06-15 00:00:00.000,"04514",2,1,1710,262,1360,SE Division & 101st Ave,67151,67224,1
2023-06-15 00:00:00.000,"04525",2,1,1720,264,1360,SE Division & 101st Ave,68019,68064,0
2023-06-15 00:00:00.000,"04520",2,1,1730,234,1360,SE Division & 101st Ave,68916,68931,0
2023-06-15 00:00:00.000,"04529",2,1,1740,266,1360,SE Division & 101st Ave,69521,69521,0
2023-06-15 00:00:00.000,"04507",2,1,1750,238,1360,SE Division & 101st Ave,70237,70237,0
2023-06-15 00:00:00.000,"04531",2,1,1760,240,1360,SE Division & 101st Ave,70980,70996,1
2023-06-15 00:00:00.000,"04506",2,1,1770,242,1360,SE Division & 101st Ave,71838,71862,0
2023-06-15 00:00:00.000,"04522",2,1,1780,244,1360,SE Division & 101st Ave,72492,72492,0
2023-06-15 00:00:00.000,"04502",2,1,1790,246,1360,SE Division & 101st Ave,73456,73476,0
2023-06-15 00:00:00.000,"04528",2,1,1800,248,1360,SE Division & 101st Ave,73990,74010,1
2023-06-15 00:00:00.000,"04510",2,1,1700,260,9300,NW 6th & Flanders,69347,69365,0
2023-06-15 00:00:00.000,"04514",2,1,1710,262,9300,NW 6th & Flanders,69829,69890,0
2023-06-15 00:00:00.000,"04514",2,1,1710,262,9300,NW 6th & Flanders,69953,69953,0
2023-06-15 00:00:00.000,"04525",2,1,1720,264,9300,NW 6th & Flanders,70678,70678,0
2023-06-15 00:00:00.000,"04520",2,1,1730,234,9300,NW 6th & Flanders,71270,71338,0
2023-06-15 00:00:00.000,"04529",2,1,1740,266,9300,NW 6th & Flanders,72170,72237,0
2023-06-15 00:00:00.000,"04507",2,1,1750,238,9300,NW 6th & Flanders,72848,72848,0
2023-06-15 00:00:00.000,"04531",2,1,1760,240,9300,NW 6th & Flanders,73607,73738,0
2023-06-15 00:00:00.000,"04506",2,1,1770,242,9300,NW 6th & Flanders,74034,74034,0
2023-06-15 00:00:00.000,"04522",2,1,1780,244,9300,NW 6th & Flanders,74802,74869,0
2023-06-15 00:00:00.000,"04502",2,1,1790,246,9300,NW 6th & Flanders,76007,76073,0
2023-06-15 00:00:00.000,"04528",2,1,1800,248,9300,NW 6th & Flanders,76203,76251,0
2023-06-15 00:00:00.000,"04510",2,0,1700,260,1418,SE Division & 168th Ave,73007,73007,0
2023-06-15 00:00:00.000,"04514",2,0,1710,262,1418,SE Division & 168th Ave,73728,73747,4
2023-06-15 00:00:00.000,"04525",2,0,1720,264,1418,SE Division & 168th Ave,74706,74706,0
2023-06-15 00:00:00.000,"04520",2,0,1730,234,1418,SE Division & 168th Ave,74994,74994,0
2023-06-15 00:00:00.000,"04529",2,0,1740,266,1418,SE Division & 168th Ave,75751,75751,0
2023-06-15 00:00:00.000,"04507",2,0,1750,238,1418,SE Division & 168th Ave,76467,76467,0
2023-06-15 00:00:00.000,"04531",2,0,1760,240,1418,SE Division & 168th Ave,78276,78315,0
2023-06-15 00:00:00.000,"04506",2,0,1770,242,1418,SE Division & 168th Ave,78336,78336,0
2023-06-15 00:00:00.000,"04522",2,0,1780,244,1418,SE Division & 168th Ave,78566,78566,0
2023-06-15 00:00:00.000,"04502",2,0,1790,246,1418,SE Division & 168th Ave,79883,79908,0
2023-06-15 00:00:00.000,"04528",2,0,1800,248,1418,SE Division & 168th Ave,79957,79957,0
2023-06-15 00:00:00.000,"04510",2,0,1700,260,1447,SE Division & 30th Ave,71259,71278,0
2023-06-15 00:00:00.000,"04525",2,0,1720,264,1447,SE Division & 30th Ave,73162,73199,1
2023-06-15 00:00:00.000,"04520",2,0,1730,234,1447,SE Division & 30th Ave,73434,73464,0
2023-06-15 00:00:00.000,"04529",2,0,1740,266,1447,SE Division & 30th Ave,74241,74241,0
2023-06-15 00:00:00.000,"04507",2,0,1750,238,1447,SE Division & 30th Ave,74989,75027,3
2023-06-15 00:00:00.000,"04531",2,0,1760,240,1447,SE Division & 30th Ave,76653,76653,0
2023-06-15 00:00:00.000,"04506",2,0,1770,242,1447,SE Division & 30th Ave,76659,76677,0
2023-06-15 00:00:00.000,"04522",2,0,1780,244,1447,SE Division & 30th Ave,77087,77107,0
2023-06-15 00:00:00.000,"04502",2,0,1790,246,1447,SE Division & 30th Ave,78134,78134,0
2023-06-15 00:00:00.000,"04528",2,0,1800,248,1447,SE Division & 30th Ave,78452,78452,0
2023-06-15 00:00:00.000,"04510",2,1,1700,260,1459,SE Division & Cesar Chavez Blvd,67647,67666,0
2023-06-15 00:00:00.000,"04514",2,1,1710,262,1459,SE Division & Cesar Chavez Blvd,68211,68232,0
2023-06-15 00:00:00.000,"04525",2,1,1720,264,1459,SE Division & Cesar Chavez Blvd,68929,68978,0
2023-06-15 00:00:00.000,"04520",2,1,1730,234,1459,SE Division & Cesar Chavez Blvd,69598,69636,3
2023-06-15 00:00:00.000,"04529",2,1,1740,266,1459,SE Division & Cesar Chavez Blvd,70358,70358,0
2023-06-15 00:00:00.000,"04507",2,1,1750,238,1459,SE Division & Cesar Chavez Blvd,71037,71053,0
2023-06-15 00:00:00.000,"04531",2,1,1760,240,1459,SE Division & Cesar Chavez Blvd,71859,71895,0
2023-06-15 00:00:00.000,"04506",2,1,1770,242,1459,SE Division & Cesar Chavez Blvd,72566,72590,0
2023-06-15 00:00:00.000,"04522",2,1,1780,244,1459,SE Division & Cesar Chavez Blvd,73270,73294,0
2023-06-15 00:00:00.000,"04502",2,1,1790,246,1459,SE Division & Cesar Chavez Blvd,74100,74133,1
2023-06-15 00:00:00.000,"04528",2,1,1800,248,1459,SE Division & Cesar Chavez Blvd,74744,74766,0
2023-06-15 00:00:00.000,"04510",2,0,1700,260,3397,"300 Block SW Lincoln",70606,70606,0
2023-06-15 00:00:00.000,"04525",2,0,1720,264,3397,"300 Block SW Lincoln",72339,72356,0
2023-06-15 00:00:00.000,"04520",2,0,1730,234,3397,"300 Block SW Lincoln",72768,72768,0
2023-06-15 00:00:00.000,"04529",2,0,1740,266,3397,"300 Block SW Lincoln",73588,73588,0
2023-06-15 00:00:00.000,"04507",2,0,1750,238,3397,"300 Block SW Lincoln",74082,74104,1
2023-06-15 00:00:00.000,"04531",2,0,1760,240,3397,"300 Block SW Lincoln",75558,75558,0
2023-06-15 00:00:00.000,"04506",2,0,1770,242,3397,"300 Block SW Lincoln",75865,75913,0
2023-06-15 00:00:00.000,"04522",2,0,1780,244,3397,"300 Block SW Lincoln",76262,76262,0
2023-06-15 00:00:00.000,"04502",2,0,1790,246,3397,"300 Block SW Lincoln",77094,77118,1
2023-06-15 00:00:00.000,"04528",2,0,1800,248,3397,"300 Block SW Lincoln",77757,77757,0
2023-06-15 00:00:00.000,"04510",2,0,1700,260,8433,SE Division & 87th Ave,71985,72003,0
2023-06-15 00:00:00.000,"04514",2,0,1710,262,8433,SE Division & 87th Ave,72902,72928,2
2023-06-15 00:00:00.000,"04525",2,0,1720,264,8433,SE Division & 87th Ave,73858,73883,0
2023-06-15 00:00:00.000,"04520",2,0,1730,234,8433,SE Division & 87th Ave,74136,74136,0
2023-06-15 00:00:00.000,"04529",2,0,1740,266,8433,SE Division & 87th Ave,74913,74945,1
2023-06-15 00:00:00.000,"04507",2,0,1750,238,8433,SE Division & 87th Ave,75669,75669,0
2023-06-15 00:00:00.000,"04531",2,0,1760,240,8433,SE Division & 87th Ave,77386,77404,0
2023-06-15 00:00:00.000,"04506",2,0,1770,242,8433,SE Division & 87th Ave,77409,77434,0
2023-06-15 00:00:00.000,"04522",2,0,1780,244,8433,SE Division & 87th Ave,77750,77750,0
2023-06-15 00:00:00.000,"04502",2,0,1790,246,8433,SE Division & 87th Ave,78921,78921,0
2023-06-15 00:00:00.000,"04528",2,0,1800,248,8433,SE Division & 87th Ave,79119,79119,0
2023-06-15 00:00:00.000,"04510",2,0,1700,260,1415,SE Division & 162nd Ave,72936,72956,0
2023-06-15 00:00:00.000,"04514",2,0,1710,262,1415,SE Division & 162nd Ave,73640,73681,0
2023-06-15 00:00:00.000,"04525",2,0,1720,264,1415,SE Division & 162nd Ave,74634,74656,1
2023-06-15 00:00:00.000,"04520",2,0,1730,234,1415,SE Division & 162nd Ave,74916,74937,0
2023-06-15 00:00:00.000,"04529",2,0,1740,266,1415,SE Division & 162nd Ave,75669,75690,1
2023-06-15 00:00:00.000,"04507",2,0,1750,238,1415,SE Division & 162nd Ave,76399,76419,0
2023-06-15 00:00:00.000,"04531",2,0,1760,240,1415,SE Division & 162nd Ave,78185,78218,1
2023-06-15 00:00:00.000,"04506",2,0,1770,242,1415,SE Division & 162nd Ave,78242,78282,0
2023-06-15 00:00:00.000,"04522",2,0,1780,244,1415,SE Division & 162nd Ave,78501,78523,1
2023-06-15 00:00:00.000,"04502",2,0,1790,246,1415,SE Division & 162nd Ave,79806,79833,2
2023-06-15 00:00:00.000,"04528",2,0,1800,248,1415,SE Division & 162nd Ave,79882,79905,0
2023-06-15 00:00:00.000,"04510",2,0,1700,260,1489,SE Division & 76th Ave,71841,71841,0
2023-06-15 00:00:00.000,"04525",2,0,1720,264,1489,SE Division & 76th Ave,73722,73745,0
2023-06-15 00:00:00.000,"04520",2,0,1730,234,1489,SE Division & 76th Ave,73942,73962,1
2023-06-15 00:00:00.000,"04529",2,0,1740,266,1489,SE Division & 76th Ave,74751,74776,0
2023-06-15 00:00:00.000,"04507",2,0,1750,238,1489,SE Division & 76th Ave,75547,75564,0
2023-06-15 00:00:00.000,"04531",2,0,1760,240,1489,SE Division & 76th Ave,77241,77264,1
2023-06-15 00:00:00.000,"04506",2,0,1770,242,1489,SE Division & 76th Ave,77281,77281,0
2023-06-15 00:00:00.000,"04522",2,0,1780,244,1489,SE Division & 76th Ave,77617,77640,0
2023-06-15 00:00:00.000,"04502",2,0,1790,246,1489,SE Division & 76th Ave,78797,78819,0
2023-06-15 00:00:00.000,"04528",2,0,1800,248,1489,SE Division & 76th Ave,78888,78999,0
2023-06-15 00:00:00.000,"04510",2,0,1700,260,1333,NW Division & Eastwood Ave,73185,73207,2
2023-06-15 00:00:00.000,"04514",2,0,1710,262,1333,NW Division & Eastwood Ave,73932,73932,0
2023-06-15 00:00:00.000,"04514",2,0,1710,262,1333,NW Division & Eastwood Ave,73955,73970,0
2023-06-15 00:00:00.000,"04525",2,0,1720,264,1333,NW Division & Eastwood Ave,74878,74878,0
2023-06-15 00:00:00.000,"04520",2,0,1730,234,1333,NW Division & Eastwood Ave,75194,75194,0
2023-06-15 00:00:00.000,"04529",2,0,1740,266,1333,NW Division & Eastwood Ave,75957,75957,0
2023-06-15 00:00:00.000,"04507",2,0,1750,238,1333,NW Division & Eastwood Ave,76597,76597,0
2023-06-15 00:00:00.000,"04531",2,0,1760,240,1333,NW Division & Eastwood Ave,78521,78545,0
2023-06-15 00:00:00.000,"04506",2,0,1770,242,1333,NW Division & Eastwood Ave,78589,78672,0
2023-06-15 00:00:00.000,"04522",2,0,1780,244,1333,NW Division & Eastwood Ave,78709,78709,0
2023-06-15 00:00:00.000,"04502",2,0,1790,246,1333,NW Division & Eastwood Ave,80145,80162,1
2023-06-15 00:00:00.000,"04528",2,0,1800,248,1333,NW Division & Eastwood Ave,80182,80182,0
2023-06-15 00:00:00.000,"04510",2,1,1700,260,9263,SE Division & 148th Ave,65863,65915,0
2023-06-15 00:00:00.000,"04514",2,1,1710,262,9263,SE Division & 148th Ave,66655,66683,0
2023-06-15 00:00:00.000,"04525",2,1,1720,264,9263,SE Division & 148th Ave,67474,67498,0
2023-06-15 00:00:00.000,"04520",2,1,1730,234,9263,SE Division & 148th Ave,68354,68402,0
2023-06-15 00:00:00.000,"04529",2,1,1740,266,9263,SE Division & 148th Ave,68938,68980,2
2023-06-15 00:00:00.000,"04507",2,1,1750,238,9263,SE Division & 148th Ave,69637,69678,3
2023-06-15 00:00:00.000,"04531",2,1,1760,240,9263,SE Division & 148th Ave,70404,70431,0
2023-06-15 00:00:00.000,"04506",2,1,1770,242,9263,SE Division & 148th Ave,71199,71240,0
2023-06-15 00:00:00.000,"04522",2,1,1780,244,9263,SE Division & 148th Ave,71922,71959,7
2023-06-15 00:00:00.000,"04502",2,1,1790,246,9263,SE Division & 148th Ave,72795,72823,6
2023-06-15 00:00:00.000,"04528",2,1,1800,248,9263,SE Division & 148th Ave,73421,73454,0
2023-06-15 00:00:00.000,"04510",2,1,1700,260,1423,SE Division & 174th Ave,65579,65602,0
2023-06-15 00:00:00.000,"04514",2,1,1710,262,1423,SE Division & 174th Ave,66405,66433,1
2023-06-15 00:00:00.000,"04525",2,1,1720,264,1423,SE Division & 174th Ave,67191,67213,0
2023-06-15 00:00:00.000,"04520",2,1,1730,234,1423,SE Division & 174th Ave,68058,68058,0
2023-06-15 00:00:00.000,"04529",2,1,1740,266,1423,SE Division & 174th Ave,68652,68671,1
2023-06-15 00:00:00.000,"04507",2,1,1750,238,1423,SE Division & 174th Ave,69322,69322,0
2023-06-15 00:00:00.000,"04531",2,1,1760,240,1423,SE Division & 174th Ave,70177,70194,1
2023-06-15 00:00:00.000,"04506",2,1,1770,242,1423,SE Division & 174th Ave,70882,70911,1
2023-06-15 00:00:00.000,"04522",2,1,1780,244,1423,SE Division & 174th Ave,71628,71628,0
2023-06-15 00:00:00.000,"04502",2,1,1790,246,1423,SE Division & 174th Ave,72518,72538,2
2023-06-15 00:00:00.000,"04528",2,1,1800,248,1423,SE Division & 174th Ave,73180,73180,0
2023-06-15 00:00:00.000,"04510",2,0,1700,260,8791,SE Division & 43rd Ave,71521,71540,0
2023-06-15 00:00:00.000,"04525",2,0,1720,264,8791,SE Division & 43rd Ave,73398,73421,2
2023-06-15 00:00:00.000,"04520",2,0,1730,234,8791,SE Division & 43rd Ave,73683,73683,0
2023-06-15 00:00:00.000,"04529",2,0,1740,266,8791,SE Division & 43rd Ave,74445,74445,0
2023-06-15 00:00:00.000,"04507",2,0,1750,238,8791,SE Division & 43rd Ave,75227,75248,0
2023-06-15 00:00:00.000,"04531",2,0,1760,240,8791,SE Division & 43rd Ave,76941,76941,0
2023-06-15 00:00:00.000,"04506",2,0,1770,242,8791,SE Division & 43rd Ave,76949,76974,0
2023-06-15 00:00:00.000,"04522",2,0,1780,244,8791,SE Division & 43rd Ave,77305,77305,0
2023-06-15 00:00:00.000,"04502",2,0,1790,246,8791,SE Division & 43rd Ave,78382,78405,0
2023-06-15 00:00:00.000,"04528",2,0,1800,248,8791,SE Division & 43rd Ave,78606,78606,0
2023-06-15 00:00:00.000,"04510",2,0,1700,260,7634,SW 5th & Salmon,70220,70281,4
2023-06-15 00:00:00.000,"04525",2,0,1720,264,7634,SW 5th & Salmon,71909,71959,2
2023-06-15 00:00:00.000,"04520",2,0,1730,234,7634,SW 5th & Salmon,72464,72482,0
2023-06-15 00:00:00.000,"04529",2,0,1740,266,7634,SW 5th & Salmon,73189,73202,0
2023-06-15 00:00:00.000,"04507",2,0,1750,238,7634,SW 5th & Salmon,73750,73806,2
2023-06-15 00:00:00.000,"04531",2,0,1760,240,7634,SW 5th & Salmon,74978,75102,8
2023-06-15 00:00:00.000,"04506",2,0,1770,242,7634,SW 5th & Salmon,75391,75432,0
2023-06-15 00:00:00.000,"04522",2,0,1780,244,7634,SW 5th & Salmon,75985,76046,1
2023-06-15 00:00:00.000,"04502",2,0,1790,246,7634,SW 5th & Salmon,76774,76830,3
2023-06-15 00:00:00.000,"04528",2,0,1800,248,7634,SW 5th & Salmon,77443,77518,2
2023-06-15 00:00:00.000,"04510",2,0,1700,260,9301,NW 5th & Davis,69959,69980,0
2023-06-15 00:00:00.000,"04514",2,0,1710,262,9301,NW 5th & Davis,71786,71876,0
2023-06-15 00:00:00.000,"04525",2,0,1720,264,9301,NW 5th & Davis,71568,71634,0
2023-06-15 00:00:00.000,"04520",2,0,1730,234,9301,NW 5th & Davis,72181,72198,0
2023-06-15 00:00:00.000,"04529",2,0,1740,266,9301,NW 5th & Davis,72900,72916,0
2023-06-15 00:00:00.000,"04507",2,0,1750,238,9301,NW 5th & Davis,73393,73432,1
2023-06-15 00:00:00.000,"04531",2,0,1760,240,9301,NW 5th & Davis,74600,74635,1
2023-06-15 00:00:00.000,"04506",2,0,1770,242,9301,NW 5th & Davis,75011,75052,0
2023-06-15 00:00:00.000,"04522",2,0,1780,244,9301,NW 5th & Davis,75722,75722,0
2023-06-15 00:00:00.000,"04502",2,0,1790,246,9301,NW 5th & Davis,76454,76491,2
2023-06-15 00:00:00.000,"04528",2,0,1800,248,9301,NW 5th & Davis,77170,77170,0
2023-06-15 00:00:00.000,"04510",2,0,1700,260,9426,NW Division & Angeline Ave,73291,73291,0
2023-06-15 00:00:00.000,"04514",2,0,1710,262,9426,NW Division & Angeline Ave,74013,74039,0
2023-06-15 00:00:00.000,"04514",2,0,1710,262,9426,NW Division & Angeline Ave,74101,74101,0
2023-06-15 00:00:00.000,"04525",2,0,1720,264,9426,NW Division & Angeline Ave,74953,74953,0
2023-06-15 00:00:00.000,"04520",2,0,1730,234,9426,NW Division & Angeline Ave,75278,75278,0
2023-06-15 00:00:00.000,"04529",2,0,1740,266,9426,NW Division & Angeline Ave,76044,76044,0
2023-06-15 00:00:00.000,"04507",2,0,1750,238,9426,NW Division & Angeline Ave,76666,76666,0
2023-06-15 00:00:00.000,"04531",2,0,1760,240,9426,NW Division & Angeline Ave,78632,78632,0
2023-06-15 00:00:00.000,"04506",2,0,1770,242,9426,NW Division & Angeline Ave,78790,78929,0
2023-06-15 00:00:00.000,"04522",2,0,1780,244,9426,NW Division & Angeline Ave,78829,78829,0
2023-06-15 00:00:00.000,"04502",2,0,1790,246,9426,NW Division & Angeline Ave,80254,80275,0
2023-06-15 00:00:00.000,"04528",2,0,1800,248,9426,NW Division & Angeline Ave,80317,80317,0
2023-06-15 00:00:00.000,"04510",2,0,1700,260,13772,OMSI/SE Water,70918,70918,0
2023-06-15 00:00:00.000,"04525",2,0,1720,264,13772,OMSI/SE Water,72706,72725,2
2023-06-15 00:00:00.000,"04520",2,0,1730,234,13772,OMSI/SE Water,73055,73055,0
2023-06-15 00:00:00.000,"04529",2,0,1740,266,13772,OMSI/SE Water,73889,73935,0
2023-06-15 00:00:00.000,"04507",2,0,1750,238,13772,OMSI/SE Water,74386,74386,0
2023-06-15 00:00:00.000,"04531",2,0,1760,240,13772,OMSI/SE Water,75846,75906,3
2023-06-15 00:00:00.000,"04506",2,0,1770,242,13772,OMSI/SE Water,76190,76210,0
2023-06-15 00:00:00.000,"04522",2,0,1780,244,13772,OMSI/SE Water,76522,76522,0
2023-06-15 00:00:00.000,"04502",2,0,1790,246,13772,OMSI/SE Water,77501,77501,0
2023-06-15 00:00:00.000,"04528",2,0,1800,248,13772,OMSI/SE Water,78107,78124,1
2023-06-15 00:00:00.000,"04510",2,1,1700,260,13773,OMSI/SE Water,68221,68310,0
2023-06-15 00:00:00.000,"04514",2,1,1710,262,13773,OMSI/SE Water,68898,68938,0
2023-06-15 00:00:00.000,"04525",2,1,1720,264,13773,OMSI/SE Water,69587,69638,0
2023-06-15 00:00:00.000,"04520",2,1,1730,234,13773,OMSI/SE Water,70235,70235,0
2023-06-15 00:00:00.000,"04529",2,1,1740,266,13773,OMSI/SE Water,70911,70911,0
2023-06-15 00:00:00.000,"04507",2,1,1750,238,13773,OMSI/SE Water,71914,71932,0
2023-06-15 00:00:00.000,"04531",2,1,1760,240,13773,OMSI/SE Water,72698,72698,0
2023-06-15 00:00:00.000,"04506",2,1,1770,242,13773,OMSI/SE Water,73134,73219,0
2023-06-15 00:00:00.000,"04522",2,1,1780,244,13773,OMSI/SE Water,73846,73846,0
2023-06-15 00:00:00.000,"04502",2,1,1790,246,13773,OMSI/SE Water,75016,75016,0
2023-06-15 00:00:00.000,"04528",2,1,1800,248,13773,OMSI/SE Water,75238,75314,0
2023-06-15 00:00:00.000,"04510",2,0,1700,260,13297,SE Division & SE Division St MAX Station,72059,72059,0
2023-06-15 00:00:00.000,"04514",2,0,1710,262,13297,SE Division & SE Division St MAX Station,72988,73011,6
2023-06-15 00:00:00.000,"04525",2,0,1720,264,13297,SE Division & SE Division St MAX Station,73937,73956,2
2023-06-15 00:00:00.000,"04520",2,0,1730,234,13297,SE Division & SE Division St MAX Station,74188,74213,3
2023-06-15 00:00:00.000,"04529",2,0,1740,266,13297,SE Division & SE Division St MAX Station,75001,75028,2
2023-06-15 00:00:00.000,"04507",2,0,1750,238,13297,SE Division & SE Division St MAX Station,75722,75741,3
2023-06-15 00:00:00.000,"04531",2,0,1760,240,13297,SE Division & SE Division St MAX Station,77460,77490,3
2023-06-15 00:00:00.000,"04506",2,0,1770,242,13297,SE Division & SE Division St MAX Station,77514,77514,0
2023-06-15 00:00:00.000,"04522",2,0,1780,244,13297,SE Division & SE Division St MAX Station,77798,77810,0
2023-06-15 00:00:00.000,"04502",2,0,1790,246,13297,SE Division & SE Division St MAX Station,78971,78992,3
2023-06-15 00:00:00.000,"04528",2,0,1800,248,13297,SE Division & SE Division St MAX Station,79177,79177,0
2023-06-15 00:00:00.000,"04510",2,1,1700,260,13298,SE Division & SE Division St MAX Station,66616,66743,1
2023-06-15 00:00:00.000,"04514",2,1,1710,262,13298,SE Division & SE Division St MAX Station,67298,67399,0
2023-06-15 00:00:00.000,"04525",2,1,1720,264,13298,SE Division & SE Division St MAX Station,68120,68238,3
2023-06-15 00:00:00.000,"04520",2,1,1730,234,13298,SE Division & SE Division St MAX Station,69003,69019,0
2023-06-15 00:00:00.000,"04529",2,1,1740,266,13298,SE Division & SE Division St MAX Station,69597,69597,0
2023-06-15 00:00:00.000,"04507",2,1,1750,238,13298,SE Division & SE Division St MAX Station,70308,70381,0
2023-06-15 00:00:00.000,"04531",2,1,1760,240,13298,SE Division & SE Division St MAX Station,71083,71163,2
2023-06-15 00:00:00.000,"04506",2,1,1770,242,13298,SE Division & SE Division St MAX Station,71931,71985,0
2023-06-15 00:00:00.000,"04522",2,1,1780,244,13298,SE Division & SE Division St MAX Station,72541,72571,0
2023-06-15 00:00:00.000,"04502",2,1,1790,246,13298,SE Division & SE Division St MAX Station,73546,73570,4
2023-06-15 00:00:00.000,"04528",2,1,1800,248,13298,SE Division & SE Division St MAX Station,74061,74134,1
2023-06-15 00:00:00.000,"04510",2,0,1700,260,1331,NW Division & Eastman Pkwy,73371,73392,0
2023-06-15 00:00:00.000,"04514",2,0,1710,262,1331,NW Division & Eastman Pkwy,74172,74190,0
2023-06-15 00:00:00.000,"04525",2,0,1720,264,1331,NW Division & Eastman Pkwy,75060,75060,0
2023-06-15 00:00:00.000,"04520",2,0,1730,234,1331,NW Division & Eastman Pkwy,75361,75361,0
2023-06-15 00:00:00.000,"04529",2,0,1740,266,1331,NW Division & Eastman Pkwy,76144,76164,0
2023-06-15 00:00:00.000,"04507",2,0,1750,238,1331,NW Division & Eastman Pkwy,76740,76740,0
2023-06-15 00:00:00.000,"04531",2,0,1760,240,1331,NW Division & Eastman Pkwy,78764,78764,0
2023-06-15 00:00:00.000,"04506",2,0,1770,242,1331,NW Division & Eastman Pkwy,79015,79015,0
2023-06-15 00:00:00.000,"04522",2,0,1780,244,1331,NW Division & Eastman Pkwy,78906,78927,1
2023-06-15 00:00:00.000,"04502",2,0,1790,246,1331,NW Division & Eastman Pkwy,80391,80391,0
2023-06-15 00:00:00.000,"04528",2,0,1800,248,1331,NW Division & Eastman Pkwy,80433,80433,0
2023-06-15 00:00:00.000,"04510",2,1,1700,260,10613,SE Division & 43rd Ave,67385,67570,2
2023-06-15 00:00:00.000,"04514",2,1,1710,262,10613,SE Division & 43rd Ave,68143,68165,0
2023-06-15 00:00:00.000,"04525",2,1,1720,264,10613,SE Division & 43rd Ave,68867,68881,0
2023-06-15 00:00:00.000,"04520",2,1,1730,234,10613,SE Division & 43rd Ave,69496,69548,3
2023-06-15 00:00:00.000,"04529",2,1,1740,266,10613,SE Division & 43rd Ave,70273,70300,1
2023-06-15 00:00:00.000,"04507",2,1,1750,238,10613,SE Division & 43rd Ave,70993,70993,0
2023-06-15 00:00:00.000,"04531",2,1,1760,240,10613,SE Division & 43rd Ave,71799,71799,0
2023-06-15 00:00:00.000,"04506",2,1,1770,242,10613,SE Division & 43rd Ave,72487,72516,0
2023-06-15 00:00:00.000,"04522",2,1,1780,244,10613,SE Division & 43rd Ave,73219,73219,0
2023-06-15 00:00:00.000,"04502",2,1,1790,246,10613,SE Division & 43rd Ave,74029,74049,0
2023-06-15 00:00:00.000,"04528",2,1,1800,248,10613,SE Division & 43rd Ave,74672,74696,0
2023-06-15 00:00:00.000,"04510",2,1,1700,260,1390,SE Division & 135th Ave,66038,66057,3
2023-06-15 00:00:00.000,"04514",2,1,1710,262,1390,SE Division & 135th Ave,66786,66786,0
2023-06-15 00:00:00.000,"04525",2,1,1720,264,1390,SE Division & 135th Ave,67670,67692,0
2023-06-15 00:00:00.000,"04520",2,1,1730,234,1390,SE Division & 135th Ave,68534,68556,2
2023-06-15 00:00:00.000,"04529",2,1,1740,266,1390,SE Division & 135th Ave,69121,69159,1
2023-06-15 00:00:00.000,"04507",2,1,1750,238,1390,SE Division & 135th Ave,69812,69840,0
2023-06-15 00:00:00.000,"04531",2,1,1760,240,1390,SE Division & 135th Ave,70527,70527,0
2023-06-15 00:00:00.000,"04506",2,1,1770,242,1390,SE Division & 135th Ave,71359,71385,0
2023-06-15 00:00:00.000,"04522",2,1,1780,244,1390,SE Division & 135th Ave,72085,72085,0
2023-06-15 00:00:00.000,"04502",2,1,1790,246,1390,SE Division & 135th Ave,73091,73109,1
2023-06-15 00:00:00.000,"04528",2,1,1800,248,1390,SE Division & 135th Ave,73553,73627,0
2023-06-15 00:00:00.000,"04510",2,0,1700,260,1400,SE Division & 148th Ave,72771,72815,1
2023-06-15 00:00:00.000,"04514",2,0,1710,262,1400,SE Division & 148th Ave,73507,73557,3
2023-06-15 00:00:00.000,"04525",2,0,1720,264,1400,SE Division & 148th Ave,74508,74536,0
2023-06-15 00:00:00.000,"04520",2,0,1730,234,1400,SE Division & 148th Ave,74813,74813,0
2023-06-15 00:00:00.000,"04529",2,0,1740,266,1400,SE Division & 148th Ave,75540,75560,1
2023-06-15 00:00:00.000,"04507",2,0,1750,238,1400,SE Division & 148th Ave,76282,76319,1
2023-06-15 00:00:00.000,"04531",2,0,1760,240,1400,SE Division & 148th Ave,78037,78094,0
2023-06-15 00:00:00.000,"04506",2,0,1770,242,1400,SE Division & 148th Ave,78070,78151,0
2023-06-15 00:00:00.000,"04522",2,0,1780,244,1400,SE Division & 148th Ave,78387,78407,0
2023-06-15 00:00:00.000,"04502",2,0,1790,246,1400,SE Division & 148th Ave,79627,79683,1
2023-06-15 00:00:00.000,"04528",2,0,1800,248,1400,SE Division & 148th Ave,79754,79754,0
2023-06-15 00:00:00.000,"04510",2,1,1700,260,1482,SE Division & 67th Ave,67103,67121,1
2023-06-15 00:00:00.000,"04514",2,1,1710,262,1482,SE Division & 67th Ave,67836,67861,2
2023-06-15 00:00:00.000,"04525",2,1,1720,264,1482,SE Division & 67th Ave,68573,68592,1
2023-06-15 00:00:00.000,"04520",2,1,1730,234,1482,SE Division & 67th Ave,69259,69259,0
2023-06-15 00:00:00.000,"04529",2,1,1740,266,1482,SE Division & 67th Ave,70042,70042,0
2023-06-15 00:00:00.000,"04507",2,1,1750,238,1482,SE Division & 67th Ave,70759,70789,1
2023-06-15 00:00:00.000,"04531",2,1,1760,240,1482,SE Division & 67th Ave,71495,71537,0
2023-06-15 00:00:00.000,"04506",2,1,1770,242,1482,SE Division & 67th Ave,72254,72254,0
2023-06-15 00:00:00.000,"04522",2,1,1780,244,1482,SE Division & 67th Ave,72975,73002,2
2023-06-15 00:00:00.000,"04502",2,1,1790,246,1482,SE Division & 67th Ave,73816,73816,0
2023-06-15 00:00:00.000,"04528",2,1,1800,248,1482,SE Division & 67th Ave,74473,74473,0
2023-06-15 00:00:00.000,"04510",2,1,1700,260,13780,SW Hall & 5th,68792,68821,0
2023-06-15 00:00:00.000,"04514",2,1,1710,262,13780,SW Hall & 5th,69299,69370,1
2023-06-15 00:00:00.000,"04525",2,1,1720,264,13780,SW Hall & 5th,70056,70113,1
2023-06-15 00:00:00.000,"04520",2,1,1730,234,13780,SW Hall & 5th,70646,70672,0
2023-06-15 00:00:00.000,"04529",2,1,1740,266,13780,SW Hall & 5th,71426,71453,2
2023-06-15 00:00:00.000,"04507",2,1,1750,238,13780,SW Hall & 5th,72324,72346,0
2023-06-15 00:00:00.000,"04531",2,1,1760,240,13780,SW Hall & 5th,73070,73070,0
2023-06-15 00:00:00.000,"04506",2,1,1770,242,13780,SW Hall & 5th,73554,73580,0
2023-06-15 00:00:00.000,"04522",2,1,1780,244,13780,SW Hall & 5th,74166,74198,2
2023-06-15 00:00:00.000,"04502",2,1,1790,246,13780,SW Hall & 5th,75385,75438,0
2023-06-15 00:00:00.000,"04528",2,1,1800,248,13780,SW Hall & 5th,75676,75712,0
2023-06-15 00:00:00.000,"04510",2,0,1700,260,13732,South Waterfront/S Moody,70765,70790,1
2023-06-15 00:00:00.000,"04525",2,0,1720,264,13732,South Waterfront/S Moody,72545,72571,3
2023-06-15 00:00:00.000,"04520",2,0,1730,234,13732,South Waterfront/S Moody,72902,72936,3
2023-06-15 00:00:00.000,"04529",2,0,1740,266,13732,South Waterfront/S Moody,73752,73790,0
2023-06-15 00:00:00.000,"04507",2,0,1750,238,13732,South Waterfront/S Moody,74235,74266,2
2023-06-15 00:00:00.000,"04531",2,0,1760,240,13732,South Waterfront/S Moody,75735,75762,5
2023-06-15 00:00:00.000,"04506",2,0,1770,242,13732,South Waterfront/S Moody,76061,76085,0
2023-06-15 00:00:00.000,"04522",2,0,1780,244,13732,South Waterfront/S Moody,76392,76409,1
2023-06-15 00:00:00.000,"04502",2,0,1790,246,13732,South Waterfront/S Moody,77375,77375,0
2023-06-15 00:00:00.000,"04528",2,0,1800,248,13732,South Waterfront/S Moody,77937,78003,1
2023-06-15 00:00:00.000,"04510",2,1,1700,260,13733,South Waterfront/S Moody,68502,68531,0
2023-06-15 00:00:00.000,"04514",2,1,1710,262,13733,South Waterfront/S Moody,69018,69053,1
2023-06-15 00:00:00.000,"04525",2,1,1720,264,13733,South Waterfront/S Moody,69734,69755,0
2023-06-15 00:00:00.000,"04520",2,1,1730,234,13733,South Waterfront/S Moody,70318,70386,1
2023-06-15 00:00:00.000,"04529",2,1,1740,266,13733,South Waterfront/S Moody,71064,71099,4
2023-06-15 00:00:00.000,"04507",2,1,1750,238,13733,South Waterfront/S Moody,72024,72047,1
2023-06-15 00:00:00.000,"04531",2,1,1760,240,13733,South Waterfront/S Moody,72782,72802,1
2023-06-15 00:00:00.000,"04506",2,1,1770,242,13733,South Waterfront/S Moody,73311,73336,0
2023-06-15 00:00:00.000,"04522",2,1,1780,244,13733,South Waterfront/S Moody,73915,73946,4
2023-06-15 00:00:00.000,"04502",2,1,1790,246,13733,South Waterfront/S Moody,75103,75139,0
2023-06-15 00:00:00.000,"04528",2,1,1800,248,13733,South Waterfront/S Moody,75460,75485,3
2023-06-15 00:00:00.000,"04510",2,0,1700,260,14226,SE Division & 68th Ave,71745,71779,0
2023-06-15 00:00:00.000,"04525",2,0,1720,264,14226,SE Division & 68th Ave,73641,73664,1
2023-06-15 00:00:00.000,"04520",2,0,1730,234,14226,SE Division & 68th Ave,73884,73884,0
2023-06-15 00:00:00.000,"04529",2,0,1740,266,14226,SE Division & 68th Ave,74666,74687,0
2023-06-15 00:00:00.000,"04507",2,0,1750,238,14226,SE Division & 68th Ave,75495,75495,0
2023-06-15 00:00:00.000,"04531",2,0,1760,240,14226,SE Division & 68th Ave,77188,77188,0
2023-06-15 00:00:00.000,"04506",2,0,1770,242,14226,SE Division & 68th Ave,77219,77219,0
2023-06-15 00:00:00.000,"04522",2,0,1780,244,14226,SE Division & 68th Ave,77537,77555,1
2023-06-15 00:00:00.000,"04502",2,0,1790,246,14226,SE Division & 68th Ave,78719,78738,1
2023-06-15 00:00:00.000,"04528",2,0,1800,248,14226,SE Division & 68th Ave,78793,78826,0
2023-06-15 00:00:00.000,"04510",2,0,1700,260,14229,NW Division & Overlook Ave,73330,73330,0
2023-06-15 00:00:00.000,"04514",2,0,1710,262,14229,NW Division & Overlook Ave,74136,74136,0
2023-06-15 00:00:00.000,"04525",2,0,1720,264,14229,NW Division & Overlook Ave,74992,74992,0
2023-06-15 00:00:00.000,"04520",2,0,1730,234,14229,NW Division & Overlook Ave,75320,75320,0
2023-06-15 00:00:00.000,"04529",2,0,1740,266,14229,NW Division & Overlook Ave,76094,76094,0
2023-06-15 00:00:00.000,"04507",2,0,1750,238,14229,NW Division & Overlook Ave,76703,76703,0
2023-06-15 00:00:00.000,"04531",2,0,1760,240,14229,NW Division & Overlook Ave,78674,78674,0
2023-06-15 00:00:00.000,"04506",2,0,1770,242,14229,NW Division & Overlook Ave,78976,78976,0
2023-06-15 00:00:00.000,"04522",2,0,1780,244,14229,NW Division & Overlook Ave,78868,78868,0
2023-06-15 00:00:00.000,"04502",2,0,1790,246,14229,NW Division & Overlook Ave,80324,80341,0
2023-06-15 00:00:00.000,"04528",2,0,1800,248,14229,NW Division & Overlook Ave,80363,80363,0
2023-06-15 00:00:00.000,"04510",2,0,1700,260,14230,Cleveland Ave Park & Ride,73576,73593,0
2023-06-15 00:00:00.000,"04514",2,0,1710,262,14230,Cleveland Ave Park & Ride,74396,74396,0
2023-06-15 00:00:00.000,"04525",2,0,1720,264,14230,Cleveland Ave Park & Ride,75276,75296,0
2023-06-15 00:00:00.000,"04520",2,0,1730,234,14230,Cleveland Ave Park & Ride,75607,75607,0
2023-06-15 00:00:00.000,"04529",2,0,1740,266,14230,Cleveland Ave Park & Ride,76441,76441,0
2023-06-15 00:00:00.000,"04531",2,0,1760,240,14230,Cleveland Ave Park & Ride,79015,79038,0
2023-06-15 00:00:00.000,"04506",2,0,1770,242,14230,Cleveland Ave Park & Ride,79214,79237,0
2023-06-15 00:00:00.000,"04522",2,0,1780,244,14230,Cleveland Ave Park & Ride,79157,79183,0
2023-06-15 00:00:00.000,"04502",2,0,1790,246,14230,Cleveland Ave Park & Ride,80736,80756,0
2023-06-15 00:00:00.000,"04528",2,0,1800,248,14230,Cleveland Ave Park & Ride,80608,80608,0
2023-06-15 00:00:00.000,"04510",2,0,1700,260,14231,Cleveland Park & Ride (layover; not public),73643,73643,0
2023-06-15 00:00:00.000,"04514",2,0,1710,262,14231,Cleveland Park & Ride (layover; not public),74413,74413,0
2023-06-15 00:00:00.000,"04525",2,0,1720,264,14231,Cleveland Park & Ride (layover; not public),75331,75331,0
2023-06-15 00:00:00.000,"04520",2,0,1730,234,14231,Cleveland Park & Ride (layover; not public),75650,75650,0
2023-06-15 00:00:00.000,"04529",2,0,1740,266,14231,Cleveland Park & Ride (layover; not public),76469,76469,0
2023-06-15 00:00:00.000,"04531",2,0,1760,240,14231,Cleveland Park & Ride (layover; not public),79073,79073,0
2023-06-15 00:00:00.000,"04506",2,0,1770,242,14231,Cleveland Park & Ride (layover; not public),79263,79263,0
2023-06-15 00:00:00.000,"04522",2,0,1780,244,14231,Cleveland Park & Ride (layover; not public),79236,79236,0
2023-06-15 00:00:00.000,"04502",2,0,1790,246,14231,Cleveland Park & Ride (layover; not public),80779,80779,0
2023-06-15 00:00:00.000,"04528",2,0,1800,248,14231,Cleveland Park & Ride (layover; not public),80627,80627,0
2023-06-15 00:00:00.000,"04510",2,1,1700,260,14231,Cleveland Park & Ride (layover; not public),64820,64820,1
2023-06-15 00:00:00.000,"04514",2,1,1710,262,14231,Cleveland Park & Ride (layover; not public),65684,65684,1
2023-06-15 00:00:00.000,"04525",2,1,1720,264,14231,Cleveland Park & Ride (layover; not public),66407,66407,4
2023-06-15 00:00:00.000,"04520",2,1,1730,234,14231,Cleveland Park & Ride (layover; not public),67175,67175,1
2023-06-15 00:00:00.000,"04529",2,1,1740,266,14231,Cleveland Park & Ride (layover; not public),67889,67889,1
2023-06-15 00:00:00.000,"04507",2,1,1750,238,14231,Cleveland Park & Ride (layover; not public),68545,68545,1
2023-06-15 00:00:00.000,"04531",2,1,1760,240,14231,Cleveland Park & Ride (layover; not public),69451,69451,2
2023-06-15 00:00:00.000,"04506",2,1,1770,242,14231,Cleveland Park & Ride (layover; not public),70161,70161,0
2023-06-15 00:00:00.000,"04522",2,1,1780,244,14231,Cleveland Park & Ride (layover; not public),70975,70975,1
2023-06-15 00:00:00.000,"04502",2,1,1790,246,14231,Cleveland Park & Ride (layover; not public),71804,71804,1
2023-06-15 00:00:00.000,"04528",2,1,1800,248,14231,Cleveland Park & Ride (layover; not public),72484,72484,1
2023-06-15 00:00:00.000,"04510",2,1,1700,260,14232,Cleveland Ave Park & Ride,64885,64885,0
2023-06-15 00:00:00.000,"04514",2,1,1710,262,14232,Cleveland Ave Park & Ride,65736,65759,0
2023-06-15 00:00:00.000,"04525",2,1,1720,264,14232,Cleveland Ave Park & Ride,66521,66555,1
2023-06-15 00:00:00.000,"04520",2,1,1730,234,14232,Cleveland Ave Park & Ride,67239,67239,0
2023-06-15 00:00:00.000,"04529",2,1,1740,266,14232,Cleveland Ave Park & Ride,67950,67966,1
2023-06-15 00:00:00.000,"04507",2,1,1750,238,14232,Cleveland Ave Park & Ride,68598,68598,0
2023-06-15 00:00:00.000,"04531",2,1,1760,240,14232,Cleveland Ave Park & Ride,69507,69530,1
2023-06-15 00:00:00.000,"04506",2,1,1770,242,14232,Cleveland Ave Park & Ride,70207,70224,0
2023-06-15 00:00:00.000,"04522",2,1,1780,244,14232,Cleveland Ave Park & Ride,71056,71056,0
2023-06-15 00:00:00.000,"04502",2,1,1790,246,14232,Cleveland Ave Park & Ride,71864,71864,0
2023-06-15 00:00:00.000,"04528",2,1,1800,248,14232,Cleveland Ave Park & Ride,72531,72555,2
2023-06-15 00:00:00.000,"04510",2,1,1700,260,14234,Gresham City Hall Park & Ride,65157,65183,7
2023-06-15 00:00:00.000,"04514",2,1,1710,262,14234,Gresham City Hall Park & Ride,66001,66023,1
2023-06-15 00:00:00.000,"04525",2,1,1720,264,14234,Gresham City Hall Park & Ride,66808,66830,1
2023-06-15 00:00:00.000,"04520",2,1,1730,234,14234,Gresham City Hall Park & Ride,67586,67606,0
2023-06-15 00:00:00.000,"04529",2,1,1740,266,14234,Gresham City Hall Park & Ride,68187,68187,0
2023-06-15 00:00:00.000,"04507",2,1,1750,238,14234,Gresham City Hall Park & Ride,68910,68956,3
2023-06-15 00:00:00.000,"04531",2,1,1760,240,14234,Gresham City Hall Park & Ride,69788,69788,0
2023-06-15 00:00:00.000,"04506",2,1,1770,242,14234,Gresham City Hall Park & Ride,70480,70480,0
2023-06-15 00:00:00.000,"04522",2,1,1780,244,14234,Gresham City Hall Park & Ride,71258,71289,5
2023-06-15 00:00:00.000,"04502",2,1,1790,246,14234,Gresham City Hall Park & Ride,72088,72122,2
2023-06-15 00:00:00.000,"04528",2,1,1800,248,14234,Gresham City Hall Park & Ride,72830,72830,0
2023-06-15 00:00:00.000,"04510",2,1,1700,260,14238,SE Division & 116th Ave,66367,66385,0
2023-06-15 00:00:00.000,"04514",2,1,1710,262,14238,SE Division & 116th Ave,67024,67043,1
2023-06-15 00:00:00.000,"04525",2,1,1720,264,14238,SE Division & 116th Ave,67917,67917,0
2023-06-15 00:00:00.000,"04520",2,1,1730,234,14238,SE Division & 116th Ave,68756,68775,1
2023-06-15 00:00:00.000,"04529",2,1,1740,266,14238,SE Division & 116th Ave,69384,69408,0
2023-06-15 00:00:00.000,"04507",2,1,1750,238,14238,SE Division & 116th Ave,70129,70129,0
2023-06-15 00:00:00.000,"04531",2,1,1760,240,14238,SE Division & 116th Ave,70847,70870,1
2023-06-15 00:00:00.000,"04506",2,1,1770,242,14238,SE Division & 116th Ave,71648,71686,0
2023-06-15 00:00:00.000,"04522",2,1,1780,244,14238,SE Division & 116th Ave,72368,72394,1
2023-06-15 00:00:00.000,"04502",2,1,1790,246,14238,SE Division & 116th Ave,73313,73313,0
2023-06-15 00:00:00.000,"04528",2,1,1800,248,14238,SE Division & 116th Ave,73850,73866,1
2023-06-15 00:00:00.000,"04510",2,1,1700,260,14241,SE Division & 59th Ave,67192,67216,0
2023-06-15 00:00:00.000,"04514",2,1,1710,262,14241,SE Division & 59th Ave,67949,67975,1
2023-06-15 00:00:00.000,"04525",2,1,1720,264,14241,SE Division & 59th Ave,68655,68655,0
2023-06-15 00:00:00.000,"04520",2,1,1730,234,14241,SE Division & 59th Ave,69315,69333,2
2023-06-15 00:00:00.000,"04529",2,1,1740,266,14241,SE Division & 59th Ave,70109,70109,0
2023-06-15 00:00:00.000,"04507",2,1,1750,238,14241,SE Division & 59th Ave,70849,70849,0
2023-06-15 00:00:00.000,"04531",2,1,1760,240,14241,SE Division & 59th Ave,71596,71618,0
2023-06-15 00:00:00.000,"04506",2,1,1770,242,14241,SE Division & 59th Ave,72319,72340,1
2023-06-15 00:00:00.000,"04522",2,1,1780,244,14241,SE Division & 59th Ave,73070,73086,1
2023-06-15 00:00:00.000,"04502",2,1,1790,246,14241,SE Division & 59th Ave,73873,73895,1
2023-06-15 00:00:00.000,"04528",2,1,1800,248,14241,SE Division & 59th Ave,74530,74545,1
2023-06-15 00:00:00.000,"04510",2,1,1700,260,14242,SE Division & 51st Ave,67286,67308,1
2023-06-15 00:00:00.000,"04514",2,1,1710,262,14242,SE Division & 51st Ave,68040,68074,1
2023-06-15 00:00:00.000,"04525",2,1,1720,264,14242,SE Division & 51st Ave,68726,68755,2
2023-06-15 00:00:00.000,"04520",2,1,1730,234,14242,SE Division & 51st Ave,69403,69418,0
2023-06-15 00:00:00.000,"04529",2,1,1740,266,14242,SE Division & 51st Ave,70167,70195,1
2023-06-15 00:00:00.000,"04507",2,1,1750,238,14242,SE Division & 51st Ave,70910,70930,2
2023-06-15 00:00:00.000,"04531",2,1,1760,240,14242,SE Division & 51st Ave,71702,71702,0
2023-06-15 00:00:00.000,"04506",2,1,1770,242,14242,SE Division & 51st Ave,72412,72412,0
2023-06-15 00:00:00.000,"04522",2,1,1780,244,14242,SE Division & 51st Ave,73150,73150,0
2023-06-15 00:00:00.000,"04502",2,1,1790,246,14242,SE Division & 51st Ave,73959,73959,0
2023-06-15 00:00:00.000,"04528",2,1,1800,248,14242,SE Division & 51st Ave,74607,74607,0
2023-06-15 00:00:00.000,"04510",2,1,1700,260,14243,SE Division & 20th Ave,67967,67967,0
2023-06-15 00:00:00.000,"04514",2,1,1710,262,14243,SE Division & 20th Ave,68498,68498,0
2023-06-15 00:00:00.000,"04525",2,1,1720,264,14243,SE Division & 20th Ave,69243,69266,0
2023-06-15 00:00:00.000,"04520",2,1,1730,234,14243,SE Division & 20th Ave,69927,69947,0
2023-06-15 00:00:00.000,"04529",2,1,1740,266,14243,SE Division & 20th Ave,70635,70635,0
2023-06-15 00:00:00.000,"04507",2,1,1750,238,14243,SE Division & 20th Ave,71399,71419,0
2023-06-15 00:00:00.000,"04531",2,1,1760,240,14243,SE Division & 20th Ave,72191,72240,3
2023-06-15 00:00:00.000,"04506",2,1,1770,242,14243,SE Division & 20th Ave,72855,72870,0
2023-06-15 00:00:00.000,"04522",2,1,1780,244,14243,SE Division & 20th Ave,73615,73645,0
2023-06-15 00:00:00.000,"04502",2,1,1790,246,14243,SE Division & 20th Ave,74424,74449,0
2023-06-15 00:00:00.000,"04528",2,1,1800,248,14243,SE Division & 20th Ave,75015,75035,0
2023-06-15 00:00:00.000,"04510",2,1,1700,260,14244,SE Division & 11th Ave,68037,68037,0
2023-06-15 00:00:00.000,"04514",2,1,1710,262,14244,SE Division & 11th Ave,68575,68575,0
2023-06-15 00:00:00.000,"04525",2,1,1720,264,14244,SE Division & 11th Ave,69350,69365,0
2023-06-15 00:00:00.000,"04520",2,1,1730,234,14244,SE Division & 11th Ave,70032,70056,1
2023-06-15 00:00:00.000,"04529",2,1,1740,266,14244,SE Division & 11th Ave,70731,70731,0
2023-06-15 00:00:00.000,"04507",2,1,1750,238,14244,SE Division & 11th Ave,71500,71517,1
2023-06-15 00:00:00.000,"04531",2,1,1760,240,14244,SE Division & 11th Ave,72316,72342,0
2023-06-15 00:00:00.000,"04506",2,1,1770,242,14244,SE Division & 11th Ave,72943,72958,0
2023-06-15 00:00:00.000,"04522",2,1,1780,244,14244,SE Division & 11th Ave,73715,73715,0
2023-06-15 00:00:00.000,"04502",2,1,1790,246,14244,SE Division & 11th Ave,74528,74582,1
2023-06-15 00:00:00.000,"04528",2,1,1800,248,14244,SE Division & 11th Ave,75101,75120,0
2023-06-15 00:00:00.000,"04510",2,1,1700,260,14237,SE Division & 157th Ave,65776,65801,1
2023-06-15 00:00:00.000,"04514",2,1,1710,262,14237,SE Division & 157th Ave,66604,66604,0
2023-06-15 00:00:00.000,"04525",2,1,1720,264,14237,SE Division & 157th Ave,67414,67414,0
2023-06-15 00:00:00.000,"04520",2,1,1730,234,14237,SE Division & 157th Ave,68299,68299,0
2023-06-15 00:00:00.000,"04529",2,1,1740,266,14237,SE Division & 157th Ave,68844,68872,2
2023-06-15 00:00:00.000,"04507",2,1,1750,238,14237,SE Division & 157th Ave,69575,69575,0
2023-06-15 00:00:00.000,"04531",2,1,1760,240,14237,SE Division & 157th Ave,70353,70353,0
2023-06-15 00:00:00.000,"04506",2,1,1770,242,14237,SE Division & 157th Ave,71120,71135,0
2023-06-15 00:00:00.000,"04522",2,1,1780,244,14237,SE Division & 157th Ave,71872,71872,0
2023-06-15 00:00:00.000,"04502",2,1,1790,246,14237,SE Division & 157th Ave,72717,72733,1
2023-06-15 00:00:00.000,"04528",2,1,1800,248,14237,SE Division & 157th Ave,73367,73367,0
2023-06-15 00:00:00.000,"04510",2,0,1700,260,14228,"18200 Block SE Division",73122,73122,0
2023-06-15 00:00:00.000,"04514",2,0,1710,262,14228,"18200 Block SE Division",73849,73872,2
2023-06-15 00:00:00.000,"04525",2,0,1720,264,14228,"18200 Block SE Division",74819,74819,0
2023-06-15 00:00:00.000,"04520",2,0,1730,234,14228,"18200 Block SE Division",75085,75108,0
2023-06-15 00:00:00.000,"04529",2,0,1740,266,14228,"18200 Block SE Division",75853,75877,0
2023-06-15 00:00:00.000,"04507",2,0,1750,238,14228,"18200 Block SE Division",76543,76543,0
2023-06-15 00:00:00.000,"04531",2,0,1760,240,14228,"18200 Block SE Division",78437,78456,0
2023-06-15 00:00:00.000,"04506",2,0,1770,242,14228,"18200 Block SE Division",78486,78507,0
2023-06-15 00:00:00.000,"04522",2,0,1780,244,14228,"18200 Block SE Division",78652,78652,0
2023-06-15 00:00:00.000,"04502",2,0,1790,246,14228,"18200 Block SE Division",80055,80077,0
2023-06-15 00:00:00.000,"04528",2,0,1800,248,14228,"18200 Block SE Division",80123,80123,0
2023-06-15 00:00:00.000,"04510",2,1,1700,260,14235,"18000 Block SE Division",65488,65506,1
2023-06-15 00:00:00.000,"04514",2,1,1710,262,14235,"18000 Block SE Division",66328,66358,4
2023-06-15 00:00:00.000,"04525",2,1,1720,264,14235,"18000 Block SE Division",67118,67142,2
2023-06-15 00:00:00.000,"04520",2,1,1730,234,14235,"18000 Block SE Division",67989,68007,0
2023-06-15 00:00:00.000,"04529",2,1,1740,266,14235,"18000 Block SE Division",68569,68590,2
2023-06-15 00:00:00.000,"04507",2,1,1750,238,14235,"18000 Block SE Division",69247,69268,0
2023-06-15 00:00:00.000,"04531",2,1,1760,240,14235,"18000 Block SE Division",70094,70133,2
2023-06-15 00:00:00.000,"04506",2,1,1770,242,14235,"18000 Block SE Division",70793,70827,0
2023-06-15 00:00:00.000,"04522",2,1,1780,244,14235,"18000 Block SE Division",71585,71585,0
2023-06-15 00:00:00.000,"04502",2,1,1790,246,14235,"18000 Block SE Division",72439,72462,1
2023-06-15 00:00:00.000,"04528",2,1,1800,248,14235,"18000 Block SE Division",73113,73133,1
2023-06-15 00:00:00.000,"04510",2,1,1700,260,14240,SE Division & 75th Ave,67031,67031,0
2023-06-15 00:00:00.000,"04514",2,1,1710,262,14240,SE Division & 75th Ave,67752,67776,1
2023-06-15 00:00:00.000,"04525",2,1,1720,264,14240,SE Division & 75th Ave,68491,68509,1
2023-06-15 00:00:00.000,"04520",2,1,1730,234,14240,SE Division & 75th Ave,69201,69201,0
2023-06-15 00:00:00.000,"04529",2,1,1740,266,14240,SE Division & 75th Ave,69978,69978,0
2023-06-15 00:00:00.000,"04507",2,1,1750,238,14240,SE Division & 75th Ave,70679,70698,1
2023-06-15 00:00:00.000,"04531",2,1,1760,240,14240,SE Division & 75th Ave,71439,71439,0
2023-06-15 00:00:00.000,"04506",2,1,1770,242,14240,SE Division & 75th Ave,72195,72195,0
2023-06-15 00:00:00.000,"04522",2,1,1780,244,14240,SE Division & 75th Ave,72917,72917,0
2023-06-15 00:00:00.000,"04502",2,1,1790,246,14240,SE Division & 75th Ave,73759,73759,0
2023-06-15 00:00:00.000,"04528",2,1,1800,248,14240,SE Division & 75th Ave,74396,74414,1
2023-06-15 00:00:00.000,"04510",2,1,1700,260,14233,Gresham Central Transit Center,64997,64997,0
2023-06-15 00:00:00.000,"04514",2,1,1710,262,14233,Gresham Central Transit Center,65847,65874,5
2023-06-15 00:00:00.000,"04525",2,1,1720,264,14233,Gresham Central Transit Center,66669,66697,1
2023-06-15 00:00:00.000,"04520",2,1,1730,234,14233,Gresham Central Transit Center,67362,67391,3
2023-06-15 00:00:00.000,"04529",2,1,1740,266,14233,Gresham Central Transit Center,68067,68086,3
2023-06-15 00:00:00.000,"04507",2,1,1750,238,14233,Gresham Central Transit Center,68691,68730,0
2023-06-15 00:00:00.000,"04531",2,1,1760,240,14233,Gresham Central Transit Center,69626,69657,4
2023-06-15 00:00:00.000,"04506",2,1,1770,242,14233,Gresham Central Transit Center,70330,70359,1
2023-06-15 00:00:00.000,"04522",2,1,1780,244,14233,Gresham Central Transit Center,71146,71168,1
2023-06-15 00:00:00.000,"04502",2,1,1790,246,14233,Gresham Central Transit Center,71961,71984,1
2023-06-15 00:00:00.000,"04528",2,1,1800,248,14233,Gresham Central Transit Center,72675,72694,1
2023-06-15 00:00:00.000,"04510",2,0,1700,260,13881,"14200 Block SE Division",72704,72725,1
2023-06-15 00:00:00.000,"04514",2,0,1710,262,13881,"14200 Block SE Division",73444,73467,0
2023-06-15 00:00:00.000,"04525",2,0,1720,264,13881,"14200 Block SE Division",74447,74466,0
2023-06-15 00:00:00.000,"04520",2,0,1730,234,13881,"14200 Block SE Division",74703,74726,2
2023-06-15 00:00:00.000,"04529",2,0,1740,266,13881,"14200 Block SE Division",75500,75500,0
2023-06-15 00:00:00.000,"04507",2,0,1750,238,13881,"14200 Block SE Division",76249,76249,0
2023-06-15 00:00:00.000,"04531",2,0,1760,240,13881,"14200 Block SE Division",77965,77995,1
2023-06-15 00:00:00.000,"04506",2,0,1770,242,13881,"14200 Block SE Division",78032,78032,0
2023-06-15 00:00:00.000,"04522",2,0,1780,244,13881,"14200 Block SE Division",78353,78353,0
2023-06-15 00:00:00.000,"04502",2,0,1790,246,13881,"14200 Block SE Division",79592,79592,0
2023-06-15 00:00:00.000,"04528",2,0,1800,248,13881,"14200 Block SE Division",79699,79699,0
2023-06-15 00:00:00.000,"04502",2,1,1790,246,13825,SE 7th & Tilikum Way,74878,74878,0
2023-06-15 00:00:00.000,"04510",2,0,1700,260,14227,SE Division & 113th Ave,72228,72261,1
2023-06-15 00:00:00.000,"04514",2,0,1710,262,14227,SE Division & 113th Ave,73133,73133,0
2023-06-15 00:00:00.000,"04525",2,0,1720,264,14227,SE Division & 113th Ave,74131,74155,0
2023-06-15 00:00:00.000,"04520",2,0,1730,234,14227,SE Division & 113th Ave,74390,74410,0
2023-06-15 00:00:00.000,"04529",2,0,1740,266,14227,SE Division & 113th Ave,75177,75177,0
2023-06-15 00:00:00.000,"04507",2,0,1750,238,14227,SE Division & 113th Ave,75873,75895,1
2023-06-15 00:00:00.000,"04531",2,0,1760,240,14227,SE Division & 113th Ave,77659,77659,0
2023-06-15 00:00:00.000,"04506",2,0,1770,242,14227,SE Division & 113th Ave,77722,77722,0
2023-06-15 00:00:00.000,"04522",2,0,1780,244,14227,SE Division & 113th Ave,77947,77968,0
2023-06-15 00:00:00.000,"04502",2,0,1790,246,14227,SE Division & 113th Ave,79134,79153,0
2023-06-15 00:00:00.000,"04528",2,0,1800,248,14227,SE Division & 113th Ave,79303,79380,1
2023-06-15 00:00:00.000,"04510",2,0,1700,260,14225,SE Division & 51st Ave,71618,71618,0
2023-06-15 00:00:00.000,"04525",2,0,1720,264,14225,SE Division & 51st Ave,73490,73513,0
2023-06-15 00:00:00.000,"04520",2,0,1730,234,14225,SE Division & 51st Ave,73760,73760,0
2023-06-15 00:00:00.000,"04529",2,0,1740,266,14225,SE Division & 51st Ave,74514,74535,1
2023-06-15 00:00:00.000,"04507",2,0,1750,238,14225,SE Division & 51st Ave,75354,75379,2
2023-06-15 00:00:00.000,"04531",2,0,1760,240,14225,SE Division & 51st Ave,77016,77052,4
2023-06-15 00:00:00.000,"04506",2,0,1770,242,14225,SE Division & 51st Ave,77066,77066,0
2023-06-15 00:00:00.000,"04522",2,0,1780,244,14225,SE Division & 51st Ave,77389,77389,0
2023-06-15 00:00:00.000,"04502",2,0,1790,246,14225,SE Division & 51st Ave,78465,78537,1
2023-06-15 00:00:00.000,"04502",2,0,1790,246,14225,SE Division & 51st Ave,78561,78578,1
2023-06-15 00:00:00.000,"04528",2,0,1800,248,14225,SE Division & 51st Ave,78680,78680,0
2023-06-15 00:00:00.000,"04510",2,1,1700,260,14239,"11100 Block SE Division",66426,66426,0
2023-06-15 00:00:00.000,"04514",2,1,1710,262,14239,"11100 Block SE Division",67074,67074,0
2023-06-15 00:00:00.000,"04525",2,1,1720,264,14239,"11100 Block SE Division",67948,67948,0
2023-06-15 00:00:00.000,"04520",2,1,1730,234,14239,"11100 Block SE Division",68817,68838,1
2023-06-15 00:00:00.000,"04529",2,1,1740,266,14239,"11100 Block SE Division",69444,69444,0
2023-06-15 00:00:00.000,"04507",2,1,1750,238,14239,"11100 Block SE Division",70167,70167,0
2023-06-15 00:00:00.000,"04531",2,1,1760,240,14239,"11100 Block SE Division",70913,70913,0
2023-06-15 00:00:00.000,"04506",2,1,1770,242,14239,"11100 Block SE Division",71729,71754,0
2023-06-15 00:00:00.000,"04522",2,1,1780,244,14239,"11100 Block SE Division",72425,72425,0
2023-06-15 00:00:00.000,"04502",2,1,1790,246,14239,"11100 Block SE Division",73349,73370,1
2023-06-15 00:00:00.000,"04528",2,1,1800,248,14239,"11100 Block SE Division",73902,73916,0
2023-06-15 00:00:00.000,"04510",2,1,1700,260,14236,SE Division & 168th Ave,65644,65644,0
2023-06-15 00:00:00.000,"04514",2,1,1710,262,14236,SE Division & 168th Ave,66472,66497,2
2023-06-15 00:00:00.000,"04525",2,1,1720,264,14236,SE Division & 168th Ave,67255,67276,1
2023-06-15 00:00:00.000,"04520",2,1,1730,234,14236,SE Division & 168th Ave,68103,68157,3
2023-06-15 00:00:00.000,"04529",2,1,1740,266,14236,SE Division & 168th Ave,68716,68716,0
2023-06-15 00:00:00.000,"04507",2,1,1750,238,14236,SE Division & 168th Ave,69362,69362,0
2023-06-15 00:00:00.000,"04531",2,1,1760,240,14236,SE Division & 168th Ave,70231,70231,0
2023-06-15 00:00:00.000,"04506",2,1,1770,242,14236,SE Division & 168th Ave,70957,70981,1
2023-06-15 00:00:00.000,"04522",2,1,1780,244,14236,SE Division & 168th Ave,71665,71758,0
2023-06-15 00:00:00.000,"04502",2,1,1790,246,14236,SE Division & 168th Ave,72581,72581,0
2023-06-15 00:00:00.000,"04528",2,1,1800,248,14236,SE Division & 168th Ave,73217,73250,0
